Time (s),Speed (RPM),,Cycle,Number of Revolutions
0,0,,1,111
0.0041667,0,,2,90
0.0083333,0,,3,116
0.0125,0,,4,81
0.016667,0,,5,121
0.020833,0,,6,97
0.025,0,,7,114
0.029167,0,,8,87
0.033333,0,,,
0.0375,0,,,
0.041667,0,,,
0.045833,0,,,
0.05,0,,,
0.054167,0,,,
0.058333,0,,,
0.0625,0,,,
0.066667,0,,,
0.070833,0,,,
0.075,0,,,
0.079167,0,,,
0.083333,0,,,
0.0875,0,,,
0.091667,0,,,
0.095833,0,,,
0.1,0,,,
0.10417,0,,,
0.10833,0,,,
0.1125,0,,,
0.11667,0,,,
0.12083,0,,,
0.125,0,,,
0.12917,0,,,
0.13333,0,,,
0.1375,0,,,
0.14167,0,,,
0.14583,0,,,
0.15,0,,,
0.15417,0,,,
0.15833,0,,,
0.1625,0,,,
0.16667,0,,,
0.17083,0,,,
0.175,0,,,
0.17917,0,,,
0.18333,0,,,
0.1875,0,,,
0.19167,0,,,
0.19583,0,,,
0.2,0,,,
0.20417,0,,,
0.20833,0,,,
0.2125,0,,,
0.21667,0,,,
0.22083,0,,,
0.225,0,,,
0.22917,0,,,
0.23333,0,,,
0.2375,0,,,
0.24167,0,,,
0.24583,0,,,
0.25,0,,,
0.25417,0,,,
0.25833,0,,,
0.2625,0,,,
0.26667,0,,,
0.27083,0,,,
0.275,0,,,
0.27917,0,,,
0.28333,0,,,
0.2875,0,,,
0.29167,0,,,
0.29583,0,,,
0.3,0,,,
0.30417,0,,,
0.30833,0,,,
0.3125,0,,,
0.31667,0,,,
0.32083,0,,,
0.325,0,,,
0.32917,0,,,
0.33333,0,,,
0.3375,0,,,
0.34167,0,,,
0.34583,0,,,
0.35,0,,,
0.35417,0,,,
0.35833,0,,,
0.3625,0,,,
0.36667,0,,,
0.37083,0,,,
0.375,0,,,
0.37917,0,,,
0.38333,3.2143,,,
0.3875,14.464,,,
0.39167,36.964,,,
0.39583,70.715,,,
0.4,112.9,,,
0.40417,159.31,,,
0.40833,205.72,,,
0.4125,248.81,,,
0.41667,286.51,,,
0.42083,317.93,,,
0.425,343.07,,,
0.42917,362.49,,,
0.43333,377.06,,,
0.4375,387.71,,,
0.44167,395.31,,,
0.44583,400.63,,,
0.45,404.29,,,
0.45417,406.77,,,
0.45833,408.42,,,
0.4625,409.51,,,
0.46667,410.21,,,
0.47083,410.66,,,
0.475,410.95,,,
0.47917,411.14,,,
0.48333,411.25,,,
0.4875,411.32,,,
0.49167,411.36,,,
0.49583,411.39,,,
0.5,411.41,,,
0.50417,411.42,,,
0.50833,411.42,,,
0.5125,411.42,,,
0.51667,411.43,,,
0.52083,411.43,,,
0.525,411.43,,,
0.52917,416.25,,,
0.53333,433.13,,,
0.5375,466.88,,,
0.54167,517.51,,,
0.54583,580.79,,,
0.55,650.4,,,
0.55417,720.01,,,
0.55833,784.66,,,
0.5625,841.22,,,
0.56667,888.35,,,
0.57083,926.06,,,
0.575,955.19,,,
0.57917,977.05,,,
0.58333,993.01,,,
0.5875,1006.6,,,
0.59167,1022.3,,,
0.59583,1043.1,,,
0.6,1069.8,,,
0.60417,1101.1,,,
0.60833,1134.3,,,
0.6125,1167,,,
0.61667,1197.1,,,
0.62083,1223.2,,,
0.625,1244.9,,,
0.62917,1262.2,,,
0.63333,1277.8,,,
0.6375,1295.8,,,
0.64167,1319,,,
0.64583,1348.1,,,
0.65,1381.5,,,
0.65417,1416.9,,,
0.65833,1451.4,,,
0.6625,1483,,,
0.66667,1510.4,,,
0.67083,1534.6,,,
0.675,1558.2,,,
0.67917,1583,,,
0.68333,1609.9,,,
0.6875,1638,,,
0.69167,1666,,,
0.69583,1692.3,,,
0.7,1715.9,,,
0.70417,1740.7,,,
0.70833,1773.5,,,
0.7125,1819.3,,,
0.71667,1878.5,,,
0.72083,1947.4,,,
0.725,2020.5,,,
0.72917,2092,,,
0.73333,2157.5,,,
0.7375,2214.3,,,
0.74167,2261.3,,,
0.74583,2298.8,,,
0.75,2327.7,,,
0.75417,2349.3,,,
0.75833,2365,,,
0.7625,2376.3,,,
0.76667,2384.1,,,
0.77083,2389.5,,,
0.775,2393.1,,,
0.77917,2399.3,,,
0.78333,2414,,,
0.7875,2441.3,,,
0.79167,2481.4,,,
0.79583,2531,,,
0.8,2585.4,,,
0.80417,2639.7,,,
0.80833,2690.1,,,
0.8125,2734.2,,,
0.81667,2770.9,,,
0.82083,2800.2,,,
0.825,2822.9,,,
0.82917,2839.9,,,
0.83333,2852.3,,,
0.8375,2861.2,,,
0.84167,2873,,,
0.84583,2897,,,
0.85,2939.2,,,
0.85417,3000.2,,,
0.85833,3069.7,,,
0.8625,3132.1,,,
0.86667,3174.4,,,
0.87083,3191.1,,,
0.875,3183.5,,,
0.87917,3163,,,
0.88333,3145.6,,,
0.8875,3143.6,,,
0.89167,3162.2,,,
0.89583,3199.7,,,
0.9,3250.2,,,
0.90417,3306.7,,,
0.90833,3363.1,,,
0.9125,3414.7,,,
0.91667,3459.3,,,
0.92083,3495.9,,,
0.925,3524.7,,,
0.92917,3546.7,,,
0.93333,3562.9,,,
0.9375,3574.6,,,
0.94167,3582.9,,,
0.94583,3588.7,,,
0.95,3592.6,,,
0.95417,3595.2,,,
0.95833,3596.9,,,
0.9625,3598,,,
0.96667,3598.8,,,
0.97083,3599.2,,,
0.975,3599.5,,,
0.97917,3609.1,,,
0.98333,3642,,,
0.9875,3707.7,,,
0.99167,3796.8,,,
0.99583,3887.1,,,
1,3956.8,,,
1.0042,3993.7,,,
1.0083,4005.8,,,
1.0125,4013.2,,,
1.0167,4035.1,,,
1.0208,4071.8,,,
1.025,4108.7,,,
1.0292,4129.3,,,
1.0333,4123.9,,,
1.0375,4101.5,,,
1.0417,4081.9,,,
1.0458,4083.5,,,
1.05,4105.2,,,
1.0542,4131.4,,,
1.0583,4144.5,,,
1.0625,4134,,,
1.0667,4108,,,
1.0708,4086.2,,,
1.075,4086.2,,,
1.0792,4116.3,,,
1.0833,4174.7,,,
1.0875,4253,,,
1.0917,4340.6,,,
1.0958,4428.2,,,
1.1,4508.8,,,
1.1042,4569.1,,,
1.1083,4593.6,,,
1.1125,4573.3,,,
1.1167,4509.4,,,
1.1208,4421.3,,,
1.125,4337.3,,,
1.1292,4280.7,,,
1.1333,4262.5,,,
1.1375,4281.8,,,
1.1417,4329.7,,,
1.1458,4394.5,,,
1.15,4465.3,,,
1.1542,4533.9,,,
1.1583,4595.3,,,
1.1625,4646.9,,,
1.1667,4688.3,,,
1.1708,4720.3,,,
1.175,4744.2,,,
1.1792,4761.7,,,
1.1833,4774.1,,,
1.1875,4782.7,,,
1.1917,4788.6,,,
1.1958,4792.6,,,
1.2,4795.2,,,
1.2042,4797,,,
1.2083,4798.1,,,
1.2125,4798.8,,,
1.2167,4799.3,,,
1.2208,4799.5,,,
1.225,4799.7,,,
1.2292,4799.8,,,
1.2333,4799.9,,,
1.2375,4799.9,,,
1.2417,4800,,,
1.2458,4800,,,
1.25,4800,,,
1.2542,4800,,,
1.2583,4800,,,
1.2625,4800,,,
1.2667,4800,,,
1.2708,4800,,,
1.275,4800,,,
1.2792,4800,,,
1.2833,4818.7,,,
1.2875,4884.4,,,
1.2917,4996.9,,,
1.2958,5128.1,,,
1.3,5243,,,
1.3042,5316.8,,,
1.3083,5341.4,,,
1.3125,5322.1,,,
1.3167,5271.3,,,
1.3208,5203.2,,,
1.325,5129.9,,,
1.3292,5059.9,,,
1.3333,4998.3,,,
1.3375,4947.1,,,
1.3417,4906.5,,,
1.3458,4875.4,,,
1.35,4852.4,,,
1.3542,4835.8,,,
1.3583,4824.1,,,
1.3625,4816,,,
1.3667,4810.5,,,
1.3708,4806.8,,,
1.375,4804.3,,,
1.3792,4821.5,,,
1.3833,4886.1,,,
1.3875,4998,,,
1.3917,5128.8,,,
1.3958,5243.4,,,
1.4,5317,,,
1.4042,5341.6,,,
1.4083,5322.2,,,
1.4125,5271.4,,,
1.4167,5203.3,,,
1.4208,5129.9,,,
1.425,5059.9,,,
1.4292,4998.3,,,
1.4333,4947.1,,,
1.4375,4906.5,,,
1.4417,4875.4,,,
1.4458,4852.4,,,
1.45,4835.8,,,
1.4542,4824.1,,,
1.4583,4816,,,
1.4625,4810.5,,,
1.4667,4806.8,,,
1.4708,4804.3,,,
1.475,4802.7,,,
1.4792,4801.7,,,
1.4833,4801.1,,,
1.4875,4800.7,,,
1.4917,4800.4,,,
1.4958,4800.2,,,
1.5,4800.2,,,
1.5042,4800.1,,,
1.5083,4800.1,,,
1.5125,4818.8,,,
1.5167,4884.4,,,
1.5208,4996.9,,,
1.525,5128.1,,,
1.5292,5243,,,
1.5333,5316.8,,,
1.5375,5341.4,,,
1.5417,5322.1,,,
1.5458,5261.9,,,
1.55,5161,,,
1.5542,5022.1,,,
1.5583,4853.7,,,
1.5625,4678.4,,,
1.5667,4524.6,,,
1.5708,4414.3,,,
1.575,4356,,,
1.5792,4346,,,
1.5833,4373.1,,,
1.5875,4423.5,,,
1.5917,4484.4,,,
1.5958,4546.3,,,
1.6,4603.3,,,
1.6042,4652,,,
1.6083,4691.5,,,
1.6125,4722.3,,,
1.6167,4745.5,,,
1.6208,4762.4,,,
1.625,4774.5,,,
1.6292,4783,,,
1.6333,4788.8,,,
1.6375,4792.7,,,
1.6417,4795.3,,,
1.6458,4797,,,
1.65,4798.1,,,
1.6542,4798.8,,,
1.6583,4799.3,,,
1.6625,4799.5,,,
1.6667,4799.7,,,
1.6708,4799.8,,,
1.675,4790.5,,,
1.6792,4757.8,,,
1.6833,4692.2,,,
1.6875,4593.7,,,
1.6917,4480.1,,,
1.6958,4377.5,,,
1.7,4307.8,,,
1.7042,4280.6,,,
1.7083,4293.6,,,
1.7125,4337.3,,,
1.7167,4399.4,,,
1.7208,4468.4,,,
1.725,4535.9,,,
1.7292,4587.1,,,
1.7333,4605.4,,,
1.7375,4580.9,,,
1.7417,4514.3,,,
1.7458,4424.5,,,
1.75,4339.3,,,
1.7542,4281.9,,,
1.7583,4263.3,,,
1.7625,4282.3,,,
1.7667,4330,,,
1.7708,4394.6,,,
1.775,4465.4,,,
1.7792,4534,,,
1.7833,4585.9,,,
1.7875,4604.7,,,
1.7917,4580.5,,,
1.7958,4514,,,
1.8,4424.3,,,
1.8042,4339.2,,,
1.8083,4281.9,,,
1.8125,4263.3,,,
1.8167,4282.3,,,
1.8208,4329.9,,,
1.825,4385.2,,,
1.8292,4423.2,,,
1.8333,4426.2,,,
1.8375,4389,,,
1.8417,4327,,,
1.8458,4265.8,,,
1.85,4228.1,,,
1.8542,4215.4,,,
1.8583,4213.1,,,
1.8625,4203.6,,,
1.8667,4175.8,,,
1.8708,4137.1,,,
1.875,4106,,,
1.8792,4099.5,,,
1.8833,4115.8,,,
1.8875,4138.3,,,
1.8917,4148.9,,,
1.8958,4136.8,,,
1.9,4100.4,,,
1.9042,4045.1,,,
1.9083,3979.1,,,
1.9125,3910.5,,,
1.9167,3855,,,
1.9208,3830.7,,,
1.925,3848.5,,,
1.9292,3899.4,,,
1.9333,3960.3,,,
1.9375,4008,,,
1.9417,4028.9,,,
1.9458,4020.2,,,
1.95,3986.9,,,
1.9542,3937.8,,,
1.9583,3881.7,,,
1.9625,3835.4,,,
1.9667,3817.4,,,
1.9708,3839.8,,,
1.975,3893.7,,,
1.9792,3956.5,,,
1.9833,4005.6,,,
1.9875,4027.4,,,
1.9917,4019.3,,,
1.9958,3986.3,,,
2,3937.4,,,
2.0042,3881.5,,,
2.0083,3825.9,,,
2.0125,3775.2,,,
2.0167,3731.9,,,
2.0208,3696.8,,,
2.025,3669.4,,,
2.0292,3648.8,,,
2.0333,3633.7,,,
2.0375,3622.9,,,
2.0417,3609.7,,,
2.0458,3584.8,,,
2.05,3541.9,,,
2.0542,3480.5,,,
2.0583,3405.1,,,
2.0625,3328.5,,,
2.0667,3266.4,,,
2.0708,3229.9,,,
2.075,3222.8,,,
2.0792,3235.8,,,
2.0833,3253.3,,,
2.0875,3261,,,
2.0917,3251.9,,,
2.0958,3225.4,,,
2.1,3185.8,,,
2.1042,3139.3,,,
2.1083,3091.4,,,
2.1125,3046.6,,,
2.1167,3007.4,,,
2.1208,2971,,,
2.125,2932,,,
2.1292,2885.9,,,
2.1333,2831.7,,,
2.1375,2771.7,,,
2.1417,2710,,,
2.1458,2654.3,,,
2.15,2613.5,,,
2.1542,2593.4,,,
2.1583,2594.5,,,
2.1625,2613.3,,,
2.1667,2637.7,,,
2.1708,2651.9,,,
2.175,2644.5,,,
2.1792,2611.9,,,
2.1833,2557.9,,,
2.1875,2490,,,
2.1917,2417,,,
2.1958,2345.8,,,
2.2,2281.5,,,
2.2042,2226.7,,,
2.2083,2182.1,,,
2.2125,2147.2,,,
2.2167,2120.7,,,
2.2208,2101.2,,,
2.225,2087.2,,,
2.2292,2077.3,,,
2.2333,2070.5,,,
2.2375,2065.9,,,
2.2417,2062.8,,,
2.2458,2060.7,,,
2.25,2059.4,,,
2.2542,2053.7,,,
2.2583,2036.3,,,
2.2625,2002.2,,,
2.2667,1951.4,,,
2.2708,1888,,,
2.275,1818.3,,,
2.2792,1748.6,,,
2.2833,1684,,,
2.2875,1627.4,,,
2.2917,1580.3,,,
2.2958,1540.7,,,
2.3,1505,,,
2.3042,1470,,,
2.3083,1434.3,,,
2.3125,1398.3,,,
2.3167,1363.3,,,
2.3208,1330.7,,,
2.325,1301.9,,,
2.3292,1277.4,,,
2.3333,1257.4,,,
2.3375,1241.7,,,
2.3417,1229.7,,,
2.3458,1216.1,,,
2.35,1193.2,,,
2.3542,1155.8,,,
2.3583,1103.3,,,
2.3625,1039.6,,,
2.3667,970.45,,,
2.3708,901.79,,,
2.375,838.3,,,
2.3792,782.9,,,
2.3833,736.8,,,
2.3875,699.97,,,
2.3917,671.54,,,
2.3958,650.23,,,
2.4,634.66,,,
2.4042,623.55,,,
2.4083,615.77,,,
2.4125,610.42,,,
2.4167,606.81,,,
2.4208,604.39,,,
2.425,602.81,,,
2.4292,601.78,,,
2.4333,601.12,,,
2.4375,600.7,,,
2.4417,600.43,,,
2.4458,598.62,,,
2.45,592.75,,,
2.4542,581.16,,,
2.4583,563.83,,,
2.4625,542.19,,,
2.4667,518.39,,,
2.4708,494.61,,,
2.475,472.52,,,
2.4792,453.2,,,
2.4833,437.1,,,
2.4875,424.22,,,
2.4917,414.27,,,
2.4958,406.8,,,
2.5,401.35,,,
2.5042,397.45,,,
2.5083,394.72,,,
2.5125,392.85,,,
2.5167,391.58,,,
2.5208,390.73,,,
2.525,390.18,,,
2.5292,389.81,,,
2.5333,389.58,,,
2.5375,389.43,,,
2.5417,389.34,,,
2.5458,389.28,,,
2.55,389.25,,,
2.5542,389.22,,,
2.5583,389.21,,,
2.5625,389.2,,,
2.5667,389.2,,,
2.5708,389.19,,,
2.575,389.19,,,
2.5792,389.19,,,
2.5833,389.19,,,
2.5875,389.19,,,
2.5917,389.19,,,
2.5958,389.19,,,
2.6,394.8,,,
2.6042,414.45,,,
2.6083,453.74,,,
2.6125,512.68,,,
2.6167,586.36,,,
2.6208,667.4,,,
2.625,748.45,,,
2.6292,823.7,,,
2.6333,889.55,,,
2.6375,944.42,,,
2.6417,988.32,,,
2.6458,1022.2,,,
2.65,1047.7,,,
2.6542,1070.1,,,
2.6583,1096.9,,,
2.6625,1133.1,,,
2.6667,1179.9,,,
2.6708,1234.7,,,
2.675,1293.1,,,
2.6792,1350.5,,,
2.6833,1403.3,,,
2.6875,1449.2,,,
2.6917,1490.9,,,
2.6958,1533.8,,,
2.7,1582.2,,,
2.7042,1637.2,,,
2.7083,1696.9,,,
2.7125,1757.6,,,
2.7167,1815.6,,,
2.7208,1874.3,,,
2.725,1941.7,,,
2.7292,2023.5,,,
2.7333,2120.3,,,
2.7375,2227.1,,,
2.7417,2336.6,,,
2.7458,2441.6,,,
2.75,2536.5,,,
2.7542,2617.9,,,
2.7583,2684.9,,,
2.7625,2738,,,
2.7667,2778.7,,,
2.7708,2809.1,,,
2.775,2831.2,,,
2.7792,2846.9,,,
2.7833,2863.5,,,
2.7875,2890.7,,,
2.7917,2935.2,,,
2.7958,2997.6,,,
2.8,3073.7,,,
2.8042,3156.3,,,
2.8083,3238.4,,,
2.8125,3314.4,,,
2.8167,3380.8,,,
2.8208,3436,,,
2.825,3480.1,,,
2.8292,3514.2,,,
2.8333,3539.8,,,
2.8375,3558.4,,,
2.8417,3571.8,,,
2.8458,3581.1,,,
2.85,3596.9,,,
2.8542,3634,,,
2.8583,3702.5,,,
2.8625,3781.5,,,
2.8667,3830.7,,,
2.8708,3816.9,,,
2.875,3727.7,,,
2.8792,3572.5,,,
2.8833,3373.3,,,
2.8875,3155.7,,,
2.8917,2963.2,,,
2.8958,2843.5,,,
2.9,2826.6,,,
2.9042,2915.1,,,
2.9083,3089,,,
2.9125,3316.8,,,
2.9167,3565.9,,,
2.9208,3809.7,,,
2.925,4030.4,,,
2.9292,4218.6,,,
2.9333,4371.8,,,
2.9375,4491.6,,,
2.9417,4582.3,,,
2.9458,4649.1,,,
2.95,4697.1,,,
2.9542,4730.9,,,
2.9583,4754.2,,,
2.9625,4770,,,
2.9667,4780.6,,,
2.9708,4787.6,,,
2.975,4792.1,,,
2.9792,4795,,,
2.9833,4796.9,,,
2.9875,4798.1,,,
2.9917,4798.8,,,
2.9958,4799.3,,,
3,4799.6,,,
3.0042,4776.3,,,
3.0083,4694.4,,,
3.0125,4530.4,,,
3.0167,4284.3,,,
3.0208,3976.7,,,
3.025,3638.4,,,
3.0292,3300,,,
3.0333,2985.8,,,
3.0375,2734.3,,,
3.0417,2587.2,,,
3.0458,2568,,,
3.05,2657.5,,,
3.0542,2806.3,,,
3.0583,2962.1,,,
3.0625,3087.5,,,
3.0667,3166.1,,,
3.0708,3212.7,,,
3.075,3259.7,,,
3.0792,3334.9,,,
3.0833,3435.2,,,
3.0875,3534,,,
3.0917,3602.6,,,
3.0958,3624.3,,,
3.1,3598,,,
3.1042,3533.6,,,
3.1083,3445.7,,,
3.1125,3348.8,,,
3.1167,3254.1,,,
3.1208,3169,,,
3.125,3096.9,,,
3.1292,3038.7,,,
3.1333,2993.6,,,
3.1375,2959.7,,,
3.1417,2934.9,,,
3.1458,2917.2,,,
3.15,2904.9,,,
3.1542,2896.4,,,
3.1583,2890.7,,,
3.1625,2886.9,,,
3.1667,2899.4,,,
3.1708,2950.3,,,
3.175,3054.2,,,
3.1792,3229.8,,,
3.1833,3491.9,,,
3.1875,3820.7,,,
3.1917,4168.4,,,
3.1958,4484.2,,,
3.2,4752.7,,,
3.2042,4989.5,,,
3.2083,5200,,,
3.2125,5371.1,,,
3.2167,5485.8,,,
3.2208,5554.8,,,
3.225,5610.5,,,
3.2292,5666.9,,,
3.2333,5713.2,,,
3.2375,5730.9,,,
3.2417,5693.1,,,
3.2458,5577.3,,,
3.25,5378,,,
3.2542,5108.9,,,
3.2583,4796.6,,,
3.2625,4471,,,
3.2667,4158.3,,,
3.2708,3876.8,,,
3.275,3636.5,,,
3.2792,3440.3,,,
3.2833,3285.8,,,
3.2875,3168.1,,,
3.2917,3080.9,,,
3.2958,3017.7,,,
3.3,2973,,,
3.3042,2942,,,
3.3083,2920.8,,,
3.3125,2906.5,,,
3.3167,2897.1,,,
3.3208,2890.9,,,
3.325,2886.9,,,
3.3292,2884.3,,,
3.3333,2882.7,,,
3.3375,2881.6,,,
3.3417,2881,,,
3.3458,2895.6,,,
3.35,2947.9,,,
3.3542,3052.7,,,
3.3583,3228.9,,,
3.3625,3491.3,,,
3.3667,3820.4,,,
3.3708,4168.2,,,
3.375,4484.1,,,
3.3792,4718.9,,,
3.3833,4837.6,,,
3.3875,4830.6,,,
3.3917,4712.9,,,
3.3958,4516,,,
3.4,4275.8,,,
3.4042,4024.7,,,
3.4083,3786.8,,,
3.4125,3576.7,,,
3.4167,3401,,,
3.4208,3275.4,,,
3.425,3219.3,,,
3.4292,3243,,,
3.4333,3326.2,,,
3.4375,3428.3,,,
3.4417,3510.4,,,
3.4458,3549.2,,,
3.45,3539.8,,,
3.4542,3505.1,,,
3.4583,3481.7,,,
3.4625,3499,,,
3.4667,3553.7,,,
3.4708,3617.9,,,
3.475,3660.8,,,
3.4792,3664.1,,,
3.4833,3624.8,,,
3.4875,3566.4,,,
3.4917,3524.9,,,
3.4958,3528.9,,,
3.5,3574,,,
3.5042,3631.4,,,
3.5083,3669.8,,,
3.5125,3669.9,,,
3.5167,3628.5,,,
3.5208,3568.7,,,
3.525,3526.4,,,
3.5292,3529.8,,,
3.5333,3574.6,,,
3.5375,3631.8,,,
3.5417,3670,,,
3.5458,3670.1,,,
3.55,3628.6,,,
3.5542,3568.8,,,
3.5583,3526.4,,,
3.5625,3529.8,,,
3.5667,3589.6,,,
3.5708,3699.3,,,
3.575,3842.5,,,
3.5792,3985.1,,,
3.5833,4088,,,
3.5875,4124.7,,,
3.5917,4088.9,,,
3.5958,3991.5,,,
3.6,3868.2,,,
3.6042,3763.6,,,
3.6083,3711.4,,,
3.6125,3724.6,,,
3.6167,3797.2,,,
3.6208,3911.9,,,
3.625,4048.4,,,
3.6292,4188.5,,,
3.6333,4319.4,,,
3.6375,4418.6,,,
3.6417,4460.5,,,
3.6458,4430.4,,,
3.65,4330.1,,,
3.6542,4175.7,,,
3.6583,4004.8,,,
3.6625,3862.5,,,
3.6667,3781.5,,,
3.6708,3773.3,,,
3.675,3830.5,,,
3.6792,3934.3,,,
3.6833,4063.2,,,
3.6875,4198.2,,,
3.6917,4325.7,,,
3.6958,4437.6,,,
3.7,4530.6,,,
3.7042,4604.5,,,
3.7083,4661.1,,,
3.7125,4703.2,,,
3.7167,4733.7,,,
3.7208,4755.2,,,
3.725,4770.2,,,
3.7292,4780.5,,,
3.7333,4787.3,,,
3.7375,4791.9,,,
3.7417,4794.8,,,
3.7458,4796.7,,,
3.75,4798,,,
3.7542,4798.7,,,
3.7583,4799.2,,,
3.7625,4799.5,,,
3.7667,4799.7,,,
3.7708,4799.8,,,
3.775,4799.9,,,
3.7792,4799.9,,,
3.7833,4800,,,
3.7875,4800,,,
3.7917,4800,,,
3.7958,4800,,,
3.8,4800,,,
3.8042,4800,,,
3.8083,4800,,,
3.8125,4800,,,
3.8167,4800,,,
3.8208,4790.6,,,
3.825,4757.8,,,
3.8292,4692.2,,,
3.8333,4593.7,,,
3.8375,4480.1,,,
3.8417,4377.5,,,
3.8458,4307.8,,,
3.85,4280.6,,,
3.8542,4293.6,,,
3.8583,4337.3,,,
3.8625,4390,,,
3.8667,4426.2,,,
3.8708,4428.1,,,
3.875,4390.2,,,
3.8792,4318.3,,,
3.8833,4224.1,,,
3.8875,4120.6,,,
3.8917,4018.7,,,
3.8958,3926.1,,,
3.9,3846.8,,,
3.9042,3782.1,,,
3.9083,3731.4,,,
3.9125,3692.9,,,
3.9167,3664.4,,,
3.9208,3644,,,
3.925,3629.6,,,
3.9292,3619.6,,,
3.9333,3612.9,,,
3.9375,3608.3,,,
3.9417,3605.3,,,
3.9458,3603.4,,,
3.95,3602.1,,,
3.9542,3601.3,,,
3.9583,3600.8,,,
3.9625,3591.1,,,
3.9667,3558.1,,,
3.9708,3492.4,,,
3.975,3393.9,,,
3.9792,3270.8,,,
3.9833,3135.4,,,
3.9875,3003.8,,,
3.9917,2891.2,,,
3.9958,2807.5,,,
4,2755.2,,,
4.0042,2731.1,,,
4.0083,2722.2,,,
4.0125,2711.3,,,
4.0167,2685.5,,,
4.0208,2639.8,,,
4.025,2576.6,,,
4.0292,2502.4,,,
4.0333,2425.1,,,
4.0375,2351,,,
4.0417,2284.9,,,
4.0458,2228.9,,,
4.05,2183.5,,,
4.0542,2148,,,
4.0583,2121.3,,,
4.0625,2101.6,,,
4.0667,2085.4,,,
4.0708,2068.4,,,
4.075,2047.5,,,
4.0792,2021.7,,,
4.0833,1992.3,,,
4.0875,1961.2,,,
4.0917,1930.9,,,
4.0958,1903.1,,,
4.1,1874.3,,,
4.1042,1837.9,,,
4.1083,1789.2,,,
4.1125,1727.7,,,
4.1167,1657,,,
4.1208,1582.6,,,
4.125,1510.1,,,
4.1292,1443.9,,,
4.1333,1386.6,,,
4.1375,1339.3,,,
4.1417,1301.6,,,
4.1458,1272.6,,,
4.15,1243.8,,,
4.1542,1203,,,
4.1583,1141.9,,,
4.1625,1059.2,,,
4.1667,960.25,,,
4.1708,853.73,,,
4.175,748.43,,,
4.1792,651.31,,,
4.1833,566.69,,,
4.1875,496.38,,,
4.1917,440.23,,,
4.1958,396.91,,,
4.2,364.45,,,
4.2042,340.75,,,
4.2083,323.83,,,
4.2125,311.99,,,
4.2167,303.85,,,
4.2208,298.35,,,
4.225,294.69,,,
4.2292,292.27,,,
4.2333,290.71,,,
4.2375,289.7,,,
4.2417,289.06,,,
4.2458,288.65,,,
4.25,288.4,,,
4.2542,288.24,,,
4.2583,288.15,,,
4.2625,288.09,,,
4.2667,288.05,,,
4.2708,288.03,,,
4.275,288.02,,,
4.2792,288.01,,,
4.2833,288.01,,,
4.2875,288,,,
4.2917,288,,,
4.2958,288,,,
4.3,288,,,
4.3042,288,,,
4.3083,288,,,
4.3125,288,,,
4.3167,288,,,
4.3208,288,,,
4.325,288,,,
4.3292,288,,,
4.3333,288,,,
4.3375,288,,,
4.3417,288,,,
4.3458,288,,,
4.35,288,,,
4.3542,288,,,
4.3583,292,,,
4.3625,306,,,
4.3667,334,,,
4.3708,376,,,
4.375,428.5,,,
4.3792,486.25,,,
4.3833,544,,,
4.3875,597.63,,,
4.3917,644.55,,,
4.3958,683.65,,,
4.4,714.93,,,
4.4042,739.1,,,
4.4083,757.23,,,
4.4125,770.48,,,
4.4167,779.94,,,
4.4208,786.57,,,
4.425,791.12,,,
4.4292,794.2,,,
4.4333,800.23,,,
4.4375,815.5,,,
4.4417,844.22,,,
4.4458,886.55,,,
4.45,939.11,,,
4.4542,996.76,,,
4.4583,1054.3,,,
4.4625,1107.7,,,
4.4667,1154.4,,,
4.4708,1193.4,,,
4.475,1224.5,,,
4.4792,1250.8,,,
4.4833,1276.8,,,
4.4875,1305.9,,,
4.4917,1339.1,,,
4.4958,1375.6,,,
4.5,1412.9,,,
4.5042,1448.8,,,
4.5083,1481.3,,,
4.5125,1509.3,,,
4.5167,1538.6,,,
4.5208,1578.8,,,
4.525,1636.7,,,
4.5292,1712.8,,,
4.5333,1802.5,,,
4.5375,1898.2,,,
4.5417,1992.3,,,
4.5458,2078.7,,,
4.55,2153.8,,,
4.5542,2216.1,,,
4.5583,2265.7,,,
4.5625,2304,,,
4.5667,2336.4,,,
4.5708,2370.4,,,
4.575,2411.6,,,
4.5792,2461.4,,,
4.5833,2517.8,,,
4.5875,2576.7,,,
4.5917,2634.1,,,
4.5958,2686.5,,,
4.6,2731.9,,,
4.6042,2769.4,,,
4.6083,2804.9,,,
4.6125,2847.6,,,
4.6167,2904.2,,,
4.6208,2975.9,,,
4.625,3058.6,,,
4.6292,3146.1,,,
4.6333,3231.6,,,
4.6375,3309.9,,,
4.6417,3377.9,,,
4.6458,3434.1,,,
4.65,3478.9,,,
4.6542,3513.5,,,
4.6583,3539.3,,,
4.6625,3558.1,,,
4.6667,3571.6,,,
4.6708,3581,,,
4.675,3596.8,,,
4.6792,3634,,,
4.6833,3702.5,,,
4.6875,3793.5,,,
4.6917,3885,,,
4.6958,3955.5,,,
4.7,3992.9,,,
4.7042,4005.2,,,
4.7083,4012.9,,,
4.7125,4034.9,,,
4.7167,4081.1,,,
4.7208,4150.8,,,
4.725,4237.1,,,
4.7292,4330.2,,,
4.7333,4421.4,,,
4.7375,4504.4,,,
4.7417,4566.3,,,
4.7458,4591.8,,,
4.75,4572.2,,,
4.7542,4508.7,,,
4.7583,4420.9,,,
4.7625,4337.1,,,
4.7667,4280.5,,,
4.7708,4262.4,,,
4.775,4281.8,,,
4.7792,4329.6,,,
4.7833,4413.2,,,
4.7875,4549.6,,,
4.7917,4730.8,,,
4.7958,4923.4,,,
4.8,5089.8,,,
4.8042,5205.1,,,
4.8083,5261.7,,,
4.8125,5266.3,,,
4.8167,5233,,,
4.8208,5177.3,,,
4.825,5112.6,,,
4.8292,5048.6,,,
4.8333,4990.9,,,
4.8375,4942.3,,,
4.8417,4922.2,,,
4.8458,4957.9,,,
4.85,5048.1,,,
4.8542,5163.2,,,
4.8583,5266.6,,,
4.8625,5332.5,,,
4.8667,5351.7,,,
4.8708,5328.7,,,
4.875,5294.3,,,
4.8792,5290.3,,,
4.8833,5328.5,,,
4.8875,5389.1,,,
4.8917,5441.9,,,
4.8958,5464.3,,,
4.9,5448.1,,,
4.9042,5397.6,,,
4.9083,5342.6,,,
4.9125,5323.5,,,
4.9167,5350.9,,,
4.9208,5404,,,
4.925,5451.7,,,
4.9292,5489.4,,,
4.9333,5536.6,,,
4.9375,5597.1,,,
4.9417,5653.6,,,
4.9458,5683.1,,,
4.95,5690.2,,,
4.9542,5702.1,,,
4.9583,5727.9,,,
4.9625,5753.4,,,
4.9667,5757.1,,,
4.9708,5743.7,,,
4.975,5739.9,,,
4.9792,5754.1,,,
4.9833,5771.3,,,
4.9875,5769,,,
4.9917,5751.6,,,
4.9958,5745,,,
5,5757.4,,,
5.0042,5773.4,,,
5.0083,5770.4,,,
5.0125,5752.4,,,
5.0167,5745.6,,,
5.0208,5757.8,,,
5.025,5773.6,,,
5.0292,5770.5,,,
5.0333,5752.5,,,
5.0375,5745.6,,,
5.0417,5776.5,,,
5.0458,5858,,,
5.05,5967.4,,,
5.0542,6061.9,,,
5.0583,6104.2,,,
5.0625,6096.5,,,
5.0667,6071.3,,,
5.0708,6046.5,,,
5.075,6016.4,,,
5.0792,5966,,,
5.0833,5904.3,,,
5.0875,5859.9,,,
5.0917,5860.3,,,
5.0958,5917.9,,,
5.1,6009.4,,,
5.1042,6090.8,,,
5.1083,6123.8,,,
5.1125,6109.5,,,
5.1167,6079.9,,,
5.1208,6052.1,,,
5.125,6020,,,
5.1292,5968.3,,,
5.1333,5905.8,,,
5.1375,5860.8,,,
5.1417,5842.1,,,
5.1458,5833.9,,,
5.15,5812.8,,,
5.1542,5781.6,,,
5.1583,5765.3,,,
5.1625,5789.7,,,
5.1667,5866.6,,,
5.1708,5973,,,
5.175,6065.5,,,
5.1792,6106.5,,,
5.1833,6097.9,,,
5.1875,6072.2,,,
5.1917,6047,,,
5.1958,6016.7,,,
5.2,5966.2,,,
5.2042,5904.4,,,
5.2083,5860,,,
5.2125,5841.6,,,
5.2167,5833.6,,,
5.2208,5812.6,,,
5.225,5781.4,,,
5.2292,5765.2,,,
5.2333,5770.9,,,
5.2375,5782.2,,,
5.2417,5776.1,,,
5.2458,5756.1,,,
5.25,5747.9,,,
5.2542,5759.2,,,
5.2583,5774.5,,,
5.2625,5771.1,,,
5.2667,5752.8,,,
5.2708,5745.8,,,
5.275,5757.9,,,
5.2792,5773.7,,,
5.2833,5770.6,,,
5.2875,5752.5,,,
5.2917,5745.6,,,
5.2958,5757.8,,,
5.3,5773.6,,,
5.3042,5770.5,,,
5.3083,5752.5,,,
5.3125,5745.6,,,
5.3167,5757.8,,,
5.3208,5773.6,,,
5.325,5770.5,,,
5.3292,5752.5,,,
5.3333,5745.6,,,
5.3375,5757.8,,,
5.3417,5773.6,,,
5.3458,5770.5,,,
5.35,5752.5,,,
5.3542,5745.6,,,
5.3583,5757.8,,,
5.3625,5773.6,,,
5.3667,5770.5,,,
5.3708,5733.7,,,
5.375,5661.2,,,
5.3792,5560.9,,,
5.3833,5464.2,,,
5.3875,5411.9,,,
5.3917,5413.8,,,
5.3958,5447.9,,,
5.4,5481.8,,,
5.4042,5509.7,,,
5.4083,5550.1,,,
5.4125,5606,,,
5.4167,5659.3,,,
5.4208,5686.8,,,
5.425,5673.8,,,
5.4292,5619.2,,,
5.4333,5532,,,
5.4375,5444.6,,,
5.4417,5398.8,,,
5.4458,5405.2,,,
5.45,5442.3,,,
5.4542,5478.2,,,
5.4583,5488.7,,,
5.4625,5464.3,,,
5.4667,5408.2,,,
5.4708,5330.6,,,
5.475,5243.5,,,
5.4792,5156.8,,,
5.4833,5096.4,,,
5.4875,5094.2,,,
5.4917,5151.4,,,
5.4958,5239.3,,,
5.5,5321.4,,,
5.5042,5371.1,,,
5.5083,5378.4,,,
5.5125,5346.9,,,
5.5167,5306.5,,,
5.5208,5298.3,,,
5.525,5333.7,,,
5.5292,5392.5,,,
5.5333,5444.1,,,
5.5375,5465.6,,,
5.5417,5449,,,
5.5458,5398.2,,,
5.55,5324.1,,,
5.5542,5239.3,,,
5.5583,5154.1,,,
5.5625,5076,,,
5.5667,5008.8,,,
5.5708,4953.9,,,
5.575,4910.8,,,
5.5792,4878.2,,,
5.5833,4854.1,,,
5.5875,4855.6,,,
5.5917,4909.1,,,
5.5958,5013.2,,,
5.6,5138.8,,,
5.6042,5249.9,,,
5.6083,5321.2,,,
5.6125,5344.2,,,
5.6167,5323.8,,,
5.6208,5272.4,,,
5.625,5203.9,,,
5.6292,5130.3,,,
5.6333,5060.2,,,
5.6375,4998.4,,,
5.6417,4947.2,,,
5.6458,4906.5,,,
5.65,4875.4,,,
5.6542,4852.4,,,
5.6583,4826.4,,,
5.6625,4781.9,,,
5.6667,4708.2,,,
5.6708,4604.2,,,
5.675,4486.8,,,
5.6792,4381.9,,,
5.6833,4310.6,,,
5.6875,4282.3,,,
5.6917,4294.7,,,
5.6958,4338,,,
5.7,4390.4,,,
5.7042,4426.5,,,
5.7083,4428.2,,,
5.7125,4390.3,,,
5.7167,4327.8,,,
5.7208,4266.3,,,
5.725,4228.4,,,
5.7292,4215.6,,,
5.7333,4213.2,,,
5.7375,4203.7,,,
5.7417,4175.9,,,
5.7458,4127.8,,,
5.75,4063.9,,,
5.7542,3991.7,,,
5.7583,3918.9,,,
5.7625,3851.2,,,
5.7667,3792.1,,,
5.7708,3743,,,
5.775,3704,,,
5.7792,3668.5,,,
5.7833,3626.4,,,
5.7875,3570.9,,,
5.7917,3500.3,,,
5.7958,3418.4,,,
5.8,3331.8,,,
5.8042,3246.9,,,
5.8083,3169,,,
5.8125,3101.4,,,
5.8167,3045.4,,,
5.8208,3000.7,,,
5.825,2966.3,,,
5.8292,2940.6,,,
5.8333,2921.8,,,
5.8375,2908.4,,,
5.8417,2895.2,,,
5.8458,2875.7,,,
5.85,2845.1,,,
5.8542,2802.8,,,
5.8583,2751.7,,,
5.8625,2696.3,,,
5.8667,2638.7,,,
5.8708,2578.5,,,
5.875,2515.4,,,
5.8792,2450.5,,,
5.8833,2385.8,,,
5.8875,2324.4,,,
5.8917,2268.7,,,
5.8958,2216.8,,,
5.9,2164,,,
5.9042,2106.6,,,
5.9083,2043.8,,,
5.9125,1977.9,,,
5.9167,1912.3,,,
5.9208,1850.6,,,
5.925,1795.5,,,
5.9292,1748.7,,,
5.9333,1705.9,,,
5.9375,1660.1,,,
5.9417,1605.8,,,
5.9458,1541.7,,,
5.95,1470.6,,,
5.9542,1397.3,,,
5.9583,1326.7,,,
5.9625,1262.6,,,
5.9667,1207.4,,,
5.9708,1161.9,,,
5.975,1125.7,,,
5.9792,1098,,,
5.9833,1077.2,,,
5.9875,1062.1,,,
5.9917,1046.3,,,
5.9958,1021.3,,,
6,981.19,,,
6.0042,925.25,,,
6.0083,857.36,,,
6.0125,783.72,,,
6.0167,710.6,,,
6.0208,643,,,
6.025,583.99,,,
6.0292,534.91,,,
6.0333,495.68,,,
6.0375,465.4,,,
6.0417,442.7,,,
6.0458,426.11,,,
6.05,414.27,,,
6.0542,405.99,,,
6.0583,400.29,,,
6.0625,396.44,,,
6.0667,393.87,,,
6.0708,392.18,,,
6.075,391.09,,,
6.0792,390.38,,,
6.0833,389.93,,,
6.0875,389.65,,,
6.0917,389.47,,,
6.0958,389.36,,,
6.1,389.29,,,
6.1042,389.25,,,
6.1083,389.23,,,
6.1125,389.21,,,
6.1167,389.2,,,
6.1208,389.2,,,
6.125,0,,,
6.1291667,48.34,,,
6.1333333,101.51,,,
6.1375,158.42,,,
6.141667,216.65,,,
6.145833,273.4,,,
6.15,326.2,,,
6.154167,373.29,,,
6.158333,413.72,,,
6.1625,447.29,,,
6.166667,474.34,,,
6.170833,495.55,,,
6.175,511.79,,,
6.179167,523.97,,,
6.183333,532.91,,,
6.1875,539.37,,,
6.191667,543.96,,,
6.195833,547.17,,,
6.2,549.38,,,
6.204167,550.89,,,
6.208333,551.91,,,
6.2125,552.59,,,
6.216667,553.04,,,
6.220833,554.41,,,
6.225,559.47,,,
6.22917,571.76,,,
6.23333,594.15,,,
6.2375,627.66,,,
6.24167,671.2,,,
6.24583,721.98,,,
6.25,776.37,,,
6.25417,830.76,,,
6.25833,882.13,,,
6.2625,928.36,,,
6.26667,968.28,,,
6.27083,1001.6,,,
6.275,1029.8,,,
6.27917,1057,,,
6.28333,1088.4,,,
6.2875,1128.4,,,
6.29167,1179.2,,,
6.29583,1240,,,
6.3,1308,,,
6.30417,1379.2,,,
6.30833,1449.9,,,
6.3125,1517.9,,,
6.31667,1582.3,,,
6.32083,1643.2,,,
6.325,1700.8,,,
6.32917,1754.9,,,
6.33333,1805,,,
6.3375,1851.3,,,
6.34167,1894.8,,,
6.34583,1937.4,,,
6.35,1980.7,,,
6.35417,2025.7,,,
6.35833,2072.1,,,
6.3625,2119.8,,,
6.36667,2169.3,,,
6.37083,2222.3,,,
6.375,2280,,,
6.37917,2342.3,,,
6.38333,2409.5,,,
6.3875,2482.8,,,
6.39167,2564,,,
6.39583,2654.3,,,
6.4,2753.1,,,
6.40417,2857.8,,,
6.40833,2964.2,,,
6.4125,3068,,,
6.41667,3164.9,,,
6.42083,3252.1,,,
6.425,3327.6,,,
6.42917,3391,,,
6.43333,3445,,,
6.4375,3496.5,,,
6.44167,3554.6,,,
6.44583,3624.6,,,
6.45,3704.3,,,
6.45417,3785.2,,,
6.45833,3856.2,,,
6.4625,3910.4,,,
6.46667,3949.1,,,
6.47083,3979.9,,,
6.475,4012.7,,,
6.47917,4055.3,,,
6.48333,4111.3,,,
6.4875,4180,,,
6.49167,4257.5,,,
6.49583,4338.6,,,
6.5,4418.1,,,
6.50417,4492,,,
6.50833,4557.4,,,
6.5125,4613.2,,,
6.51667,4659,,,
6.52083,4695.6,,,
6.525,4724,,,
6.52917,4745.6,,,
6.53333,4761.6,,,
6.5375,4767.4,,,
6.54167,4749.4,,,
6.54583,4689.4,,,
6.55,4572.6,,,
6.55417,4394.2,,,
6.55833,4160.4,,,
6.5625,3886.8,,,
6.56667,3593,,,
6.57083,3304.9,,,
6.575,3053.4,,,
6.57917,2869.2,,,
6.58333,2770.2,,,
6.5875,2754.5,,,
6.59167,2802.4,,,
6.59583,2885.7,,,
6.6,2976.6,,,
6.60417,3054.6,,,
6.60833,3108.5,,,
6.6125,3135.5,,,
6.61667,3138.4,,,
6.62083,3123.2,,,
6.625,3096.5,,,
6.62917,3064.3,,,
6.63333,3031.1,,,
6.6375,3000,,,
6.64167,2972.8,,,
6.64583,2950,,,
6.65,2931.7,,,
6.65417,2917.4,,,
6.65833,2906.7,,,
6.6625,2898.7,,,
6.66667,2892.9,,,
6.67083,2888.8,,,
6.675,2885.9,,,
6.67917,2884,,,
6.68333,2882.6,,,
6.6875,2890.1,,,
6.69167,2927.5,,,
6.69583,3013.6,,,
6.7,3149.4,,,
6.70417,3315.3,,,
6.70833,3480.6,,,
6.7125,3615.4,,,
6.71667,3698.5,,,
6.72083,3719.6,,,
6.725,3677.9,,,
6.72917,3581.1,,,
6.73333,3442.2,,,
6.7375,3276.5,,,
6.74167,3099.2,,,
6.74583,2923.6,,,
6.75,2759.5,,,
6.75417,2613.2,,,
6.75833,2487.9,,,
6.7625,2384.2,,,
6.76667,2300.8,,,
6.77083,2235.6,,,
6.775,2195.8,,,
6.77917,2203.8,,,
6.78333,2279.3,,,
6.7875,2421.6,,,
6.79167,2605.3,,,
6.79583,2792.3,,,
6.8,2946.1,,,
6.80417,3042.5,,,
6.80833,3073,,,
6.8125,3042.9,,,
6.81667,2965.8,,,
6.82083,2858.6,,,
6.825,2737.7,,,
6.82917,2616.2,,,
6.83333,2503.1,,,
6.8375,2403.7,,,
6.84167,2330.3,,,
6.84583,2308.1,,,
6.85,2358.1,,,
6.85417,2479.7,,,
6.85833,2647.4,,,
6.8625,2822.2,,,
6.86667,2967,,,
6.87083,3056.9,,,
6.875,3082.8,,,
6.87917,3059.5,,,
6.88333,3025.4,,,
6.8875,3019.7,,,
6.89167,3059.8,,,
6.89583,3135.3,,,
6.9,3218.6,,,
6.90417,3279.5,,,
6.90833,3296.9,,,
6.9125,3263,,,
6.91667,3181.9,,,
6.92083,3065.8,,,
6.925,2929.4,,,
6.92917,2787.1,,,
6.93333,2650.1,,,
6.9375,2526.1,,,
6.94167,2419.2,,,
6.94583,2340.6,,,
6.95,2314.8,,,
6.95417,2364.1,,,
6.95833,2491.4,,,
6.9625,2676.1,,,
6.96667,2883.4,,,
6.97083,3077.5,,,
6.975,3240.2,,,
6.97917,3379.4,,,
6.98333,3511.6,,,
6.9875,3641.8,,,
6.99167,3757.5,,,
6.99583,3836.4,,,
7,3858.6,,,
7.00417,3814.7,,,
7.00833,3707.8,,,
7.0125,3552.8,,,
7.01667,3372.1,,,
7.02083,3189.7,,,
7.025,3025.9,,,
7.02917,2894,,,
7.03333,2807.6,,,
7.0375,2786.7,,,
7.04167,2844.8,,,
7.04583,2975.5,,,
7.05,3151.7,,,
7.05417,3336,,,
7.05833,3493.6,,,
7.0625,3609.9,,,
7.06667,3697.3,,,
7.07083,3778.5,,,
7.075,3865.9,,,
7.07917,3954.7,,,
7.08333,4028.1,,,
7.0875,4067.9,,,
7.09167,4062.9,,,
7.09583,4011.5,,,
7.1,3920.4,,,
7.10417,3801.9,,,
7.10833,3669.5,,,
7.1125,3543.8,,,
7.11667,3455.2,,,
7.12083,3428.8,,,
7.125,3468.5,,,
7.1292,3555.4,,,
7.1333,3657.8,,,
7.1375,3743.8,,,
7.1417,3791.8,,,
7.1458,3792.8,,,
7.15,3749.5,,,
7.1542,3671.8,,,
7.1583,3572.6,,,
7.1625,3464.7,,,
7.1667,3358.2,,,
7.1708,3260.3,,,
7.175,3174.8,,,
7.1792,3103.5,,,
7.1833,3054.4,,,
7.1875,3047.3,,,
7.1917,3103.3,,,
7.1958,3230.7,,,
7.2,3420.4,,,
7.2042,3654.4,,,
7.2083,3917,,,
7.2125,4194.2,,,
7.2167,4469.5,,,
7.2208,4723.8,,,
7.225,4943.2,,,
7.2292,5126.7,,,
7.2333,5280.2,,,
7.2375,5407.5,,,
7.2417,5506.8,,,
7.2458,5577.6,,,
7.25,5627.1,,,
7.2542,5665.5,,,
7.2583,5697.9,,,
7.2625,5721.4,,,
7.2667,5724.9,,,
7.2708,5691.9,,,
7.275,5607.1,,,
7.2792,5462.6,,,
7.2833,5260.7,,,
7.2875,5013.3,,,
7.2917,4738,,,
7.2958,4454,,,
7.3,4178.8,,,
7.3042,3925.4,,,
7.3083,3702.2,,,
7.3125,3512.9,,,
7.3167,3357.6,,,
7.3208,3233.8,,,
7.325,3137.7,,,
7.3292,3068.5,,,
7.3333,3031.1,,,
7.3375,3033.8,,,
7.3417,3079,,,
7.3458,3158.1,,,
7.35,3252.8,,,
7.3542,3341.9,,,
7.3583,3407.9,,,
7.3625,3445,,,
7.3667,3461.1,,,
7.3708,3473.1,,,
7.375,3499,,,
7.3792,3551.5,,,
7.3833,3634.7,,,
7.3875,3739.3,,,
7.3917,3842,,,
7.3958,3913.5,,,
7.4,3928.3,,,
7.4042,3873.5,,,
7.4083,3750,,,
7.4125,3570.5,,,
7.4167,3354.4,,,
7.4208,3128.3,,,
7.425,2924.9,,,
7.4292,2777.2,,,
7.4333,2709.1,,,
7.4375,2730,,,
7.4417,2834.3,,,
7.4458,3004.9,,,
7.45,3218.7,,,
7.4542,3452.2,,,
7.4583,3683,,,
7.4625,3890,,,
7.4667,4056.5,,,
7.4708,4171.9,,,
7.475,4235.9,,,
7.4792,4258.8,,,
7.4833,4257.6,,,
7.4875,4245,,,
7.4917,4221.6,,,
7.4958,4177.7,,,
7.5,4100.9,,,
7.5042,3983.2,,,
7.5083,3825.1,,,
7.5125,3634.7,,,
7.5167,3428.1,,,
7.5208,3227.3,,,
7.525,3055,,,
7.5292,2928.7,,,
7.5333,2857,,,
7.5375,2839.2,,,
7.5417,2867.3,,,
7.5458,2929,,,
7.55,3011.2,,,
7.5542,3102,,,
7.5583,3192.1,,,
7.5625,3275.3,,,
7.5667,3346.5,,,
7.5708,3401,,,
7.575,3434.2,,,
7.5792,3443.7,,,
7.5833,3429.5,,,
7.5875,3394.8,,,
7.5917,3344.7,,,
7.5958,3285.5,,,
7.6,3222.9,,,
7.6042,3161.7,,,
7.6083,3105.5,,,
7.6125,3056.2,,,
7.6167,3014.7,,,
7.6208,2980.9,,,
7.625,2954.3,,,
7.6292,2932.1,,,
7.6333,2909.4,,,
7.6375,2879.9,,,
7.6417,2838.5,,,
7.6458,2782.9,,,
7.65,2714.2,,,
7.6542,2635.9,,,
7.6583,2552.7,,,
7.6625,2468.3,,,
7.6667,2385.5,,,
7.6708,2305.8,,,
7.675,2230.6,,,
7.6792,2160.7,,,
7.6833,2097.1,,,
7.6875,2040.4,,,
7.6917,1989.7,,,
7.6958,1941.7,,,
7.7,1891.7,,,
7.7042,1835.7,,,
7.7083,1771.6,,,
7.7125,1700,,,
7.7167,1623.4,,,
7.7208,1545.7,,,
7.725,1470.6,,,
7.7292,1401.2,,,
7.7333,1339.8,,,
7.7375,1287.3,,,
7.7417,1244,,,
7.7458,1208.1,,,
7.75,1176,,,
7.7542,1143.1,,,
7.7583,1105.2,,,
7.7625,1060.4,,,
7.7667,1008.6,,,
7.7708,952.07,,,
7.775,893.61,,,
7.7792,836.42,,,
7.7833,783.15,,,
7.7875,735.64,,,
7.7917,694.86,,,
7.7958,661.02,,,
7.8,633.78,,,
7.8042,612.43,,,
7.8083,596.09,,,
7.8125,583.85,,,
7.8167,574.87,,,
7.8208,568.38,,,
7.825,563.77,,,
7.8292,560.55,,,
7.8333,558.33,,,
7.8375,556.81,,,
7.8417,555.79,,,
7.8458,555.11,,,
7.85,554.66,,,
7.8542,555.45,,,
7.8583,560.13,,,
7.8625,572.18,,,
7.8667,594.41,,,
7.8708,627.83,,,
7.875,671.3,,,
7.8792,722.04,,,
7.8833,776.41,,,
7.8875,830.79,,,
7.8917,882.14,,,
7.8958,928.37,,,
7.9,968.29,,,
7.9042,1001.6,,,
7.9083,1028.8,,,
7.9125,1051.7,,,
7.9167,1072.3,,,
7.9208,1092.6,,,
7.925,1113.7,,,
7.9292,1135.9,,,
7.9333,1159,,,
7.9375,1181.9,,,
7.9417,1203.9,,,
7.9458,1224.1,,,
7.95,1241.9,,,
7.9542,1257.7,,,
7.9583,1272.8,,,
7.9625,1289.3,,,
7.9667,1308.9,,,
7.9708,1332.4,,,
7.975,1359.8,,,
7.9792,1389.7,,,
7.9833,1420.7,,,
7.9875,1450.9,,,
7.9917,1479.5,,,
7.9958,1506.3,,,
8,1532.2,,,
8.0042,1558.1,,,
8.0083,1584.6,,,
8.0125,1611.5,,,
8.0167,1638.5,,,
8.0208,1664.6,,,
8.025,1689.4,,,
8.0292,1713.7,,,
8.0333,1738.4,,,
8.0375,1764.9,,,
8.0417,1793.6,,,
8.0458,1824.3,,,
8.05,1856,,,
8.0542,1888.2,,,
8.0583,1921,,,
8.0625,1955.8,,,
8.0667,1993.5,,,
8.0708,2034.5,,,
8.075,2078,,,
8.0792,2122.8,,,
8.0833,2166.8,,,
8.0875,2208.3,,,
8.0917,2246,,,
8.0958,2279,,,
8.1,2306.8,,,
8.1042,2330.5,,,
8.1083,2352.9,,,
8.1125,2377.6,,,
8.1167,2407.6,,,
8.1208,2444.7,,,
8.125,2489.6,,,
8.1292,2544.1,,,
8.1333,2610.1,,,
8.1375,2688.3,,,
8.1417,2777.7,,,
8.1458,2875.3,,,
8.15,2976.5,,,
8.1542,3076.5,,,
8.1583,3170.8,,,
8.1625,3256,,,
8.1667,3330.3,,,
8.1708,3392.8,,,
8.175,3443.8,,,
8.1792,3484.4,,,
8.1833,3515.8,,,
8.1875,3539.6,,,
8.1917,3557.3,,,
8.1958,3570.2,,,
8.2,3579.5,,,
8.2042,3586.1,,,
8.2083,3593,,,
8.2125,3606.6,,,
8.2167,3635.1,,,
8.2208,3682.6,,,
8.225,3745.5,,,
8.2292,3814,,,
8.2333,3876,,,
8.2375,3924,,,
8.2417,3958.2,,,
8.2458,3986,,,
8.25,4016.8,,,
8.2542,4058,,,
8.2583,4113.1,,,
8.2625,4181.1,,,
8.2667,4258.2,,,
8.2708,4339,,,
8.275,4416,,,
8.2792,4479.3,,,
8.2833,4518.3,,,
8.2875,4525.6,,,
8.2917,4506,,,
8.2958,4479.9,,,
8.3,4472.8,,,
8.3042,4500.5,,,
8.3083,4563.4,,,
8.3125,4649.9,,,
8.3167,4743,,,
8.3208,4827.4,,,
8.325,4892.9,,,
8.3292,4935.7,,,
8.3333,4956.7,,,
8.3375,4959.8,,,
8.3417,4950.3,,,
8.3458,4933.2,,,
8.35,4912.6,,,
8.3542,4891.7,,,
8.3583,4872.3,,,
8.3625,4855.5,,,
8.3667,4841.6,,,
8.3708,4830.5,,,
8.375,4826.7,,,
8.3792,4841.3,,,
8.3833,4884.7,,,
8.3875,4956.9,,,
8.3917,5046.8,,,
8.3958,5136.9,,,
8.4,5210.7,,,
8.4042,5257.1,,,
8.4083,5277,,,
8.4125,5284.6,,,
8.4167,5297.1,,,
8.4208,5323,,,
8.425,5359,,,
8.4292,5398.9,,,
8.4333,5442.2,,,
8.4375,5491.1,,,
8.4417,5543.5,,,
8.4458,5591.2,,,
8.45,5627.7,,,
8.4542,5655.3,,,
8.4583,5680.3,,,
8.4625,5704.8,,,
8.4667,5724,,,
8.4708,5733.7,,,
8.475,5737.6,,,
8.4792,5742.7,,,
8.4833,5751.2,,,
8.4875,5757.7,,,
8.4917,5757.8,,,
8.4958,5754.7,,,
8.5,5754.6,,,
8.5042,5759.2,,,
8.5083,5763.2,,,
8.5125,5761.5,,,
8.5167,5757.1,,,
8.5208,5756.1,,,
8.525,5760.3,,,
8.5292,5763.9,,,
8.5333,5761.9,,,
8.5375,5757.4,,,
8.5417,5761,,,
8.5458,5786.2,,,
8.55,5837.8,,,
8.5542,5906.7,,,
8.5583,5973.3,,,
8.5625,6020.7,,,
8.5667,6045.2,,,
8.5708,6051.7,,,
8.575,6044.5,,,
8.5792,6023,,,
8.5833,5988,,,
8.5875,5947.2,,,
8.5917,5915.3,,,
8.5958,5908,,,
8.6,5931.5,,,
8.6042,5977.2,,,
8.6083,6025.3,,,
8.6125,6058.4,,,
8.6167,6072,,,
8.6208,6075.1,,,
8.625,6083.2,,,
8.6292,6105.7,,,
8.6333,6138.7,,,
8.6375,6167.1,,,
8.6417,6177.6,,,
8.6458,6168.7,,,
8.65,6151.2,,,
8.6542,6141.5,,,
8.6583,6149.3,,,
8.6625,6170.7,,,
8.6667,6190.1,,,
8.6708,6193.9,,,
8.675,6180.1,,,
8.6792,6154.3,,,
8.6833,6121,,,
8.6875,6079,,,
8.6917,6028.3,,,
8.6958,5975.7,,,
8.7,5935.2,,,
8.7042,5921.7,,,
8.7083,5940.8,,,
8.7125,5983.5,,,
8.7167,6029.5,,,
8.7208,6061.1,,,
8.725,6073.8,,,
8.7292,6076.3,,,
8.7333,6084,,,
8.7375,6106.2,,,
8.7417,6139,,,
8.7458,6167.3,,,
8.75,6177.8,,,
8.7542,6168.8,,,
8.7583,6146.6,,,
8.7625,6115.7,,,
8.7667,6075.5,,,
8.7708,6025.9,,,
8.775,5974.2,,,
8.7792,5929.5,,,
8.7833,5895.2,,,
8.7875,5866.6,,,
8.7917,5838.5,,,
8.7958,5813.4,,,
8.8,5801.3,,,
8.8042,5814.7,,,
8.8083,5857.7,,,
8.8125,5920.4,,,
8.8167,5982.6,,,
8.8208,6027,,,
8.825,6049.4,,,
8.8292,6054.4,,,
8.8333,6046.2,,,
8.8375,6024.2,,,
8.8417,5988.8,,,
8.8458,5947.7,,,
8.85,5910.9,,,
8.8542,5882.4,,,
8.8583,5857.8,,,
8.8625,5832.6,,,
8.8667,5809.4,,,
8.8708,5794,,,
8.875,5787.2,,,
8.8792,5782.7,,,
8.8833,5774.9,,,
8.8875,5766.2,,,
8.8917,5762.3,,,
8.8958,5764.4,,,
8.9,5766.6,,,
8.9042,5763.7,,,
8.9083,5758.5,,,
8.9125,5757.1,,,
8.9167,5760.8,,,
8.9208,5764.2,,,
8.925,5762.1,,,
8.9292,5757.5,,,
8.9333,5756.4,,,
8.9375,5760.4,,,
8.9417,5764,,,
8.9458,5762,,,
8.95,5757.4,,,
8.9542,5756.3,,,
8.9583,5760.4,,,
8.9625,5763.9,,,
8.9667,5757.3,,,
8.9708,5731.6,,,
8.975,5682.5,,,
8.9792,5615.7,,,
8.9833,5548,,,
8.9875,5497.6,,,
8.9917,5472.5,,,
8.9958,5468.6,,,
9,5477.9,,,
9.0042,5498.3,,,
9.0083,5530.3,,,
9.0125,5570.6,,,
9.0167,5609.7,,,
9.0208,5635.5,,,
9.025,5637.9,,,
9.0292,5612,,,
9.0333,5563.7,,,
9.0375,5510.4,,,
9.0417,5470.8,,,
9.0458,5453.8,,,
9.05,5455.6,,,
9.0542,5464.4,,,
9.0583,5466.5,,,
9.0625,5452.5,,,
9.0667,5423.2,,,
9.0708,5392,,,
9.075,5374.6,,,
9.0792,5378.1,,,
9.0833,5397.6,,,
9.0875,5420.9,,,
9.0917,5434.7,,,
9.0958,5429.6,,,
9.1,5407,,,
9.1042,5380.7,,,
9.1083,5366.9,,,
9.1125,5372.8,,,
9.1167,5394.1,,,
9.1208,5418.6,,,
9.125,5433.1,,,
9.1292,5428.6,,,
9.1333,5401.6,,,
9.1375,5354.5,,,
9.1417,5292.8,,,
9.1458,5223.2,,,
9.15,5152.3,,,
9.1542,5085,,,
9.1583,5029.3,,,
9.1625,4998.7,,,
9.1667,5004.1,,,
9.1708,5045.7,,,
9.175,5111.6,,,
9.1792,5183.5,,,
9.1833,5243.6,,,
9.1875,5280,,,
9.1917,5288,,,
9.1958,5269.5,,,
9.2,5230.4,,,
9.2042,5178.3,,,
9.2083,5120.4,,,
9.2125,5062.7,,,
9.2167,5007,,,
9.2208,4949.6,,,
9.225,4884,,,
9.2292,4804,,,
9.2333,4709.1,,,
9.2375,4606.4,,,
9.2417,4508.7,,,
9.2458,4429,,,
9.25,4376.3,,,
9.2542,4354.1,,,
9.2583,4360.3,,,
9.2625,4389.1,,,
9.2667,4433.2,,,
9.2708,4482.8,,,
9.275,4525.9,,,
9.2792,4550.5,,,
9.2833,4547.6,,,
9.2875,4513.8,,,
9.2917,4451.2,,,
9.2958,4366.3,,,
9.3,4267.7,,,
9.3042,4164.4,,,
9.3083,4063.8,,,
9.3125,3971.4,,,
9.3167,3890.3,,,
9.3208,3822.1,,,
9.325,3766.5,,,
9.3292,3722.5,,,
9.3333,3688.7,,,
9.3375,3663.2,,,
9.3417,3644.4,,,
9.3458,3630.7,,,
9.35,3621,,,
9.3542,3612.8,,,
9.3583,3601.8,,,
9.3625,3582.8,,,
9.3667,3551.6,,,
9.3708,3506.6,,,
9.375,3448.2,,,
9.3792,3377.4,,,
9.3833,3295.7,,,
9.3875,3205.4,,,
9.3917,3109.5,,,
9.3958,3011.6,,,
9.4,2915.6,,,
9.4042,2825.2,,,
9.4083,2743.1,,,
9.4125,2671.1,,,
9.4167,2610,,,
9.4208,2559.6,,,
9.425,2518.5,,,
9.4292,2483.8,,,
9.4333,2452,,,
9.4375,2420,,,
9.4417,2385.9,,,
9.4458,2349.3,,,
9.45,2310.9,,,
9.4542,2271.2,,,
9.4583,2228.8,,,
9.4625,2181.1,,,
9.4667,2126.1,,,
9.4708,2063,,,
9.475,1993.3,,,
9.4792,1919.6,,,
9.4833,1845.7,,,
9.4875,1774.9,,,
9.4917,1710,,,
9.4958,1650.7,,,
9.5,1592.5,,,
9.5042,1528.3,,,
9.5083,1451.8,,,
9.5125,1360.1,,,
9.5167,1254.4,,,
9.5208,1138.9,,,
9.525,1020,,,
9.5292,904.06,,,
9.5333,796.29,,,
9.5375,700.37,,,
9.5417,618.17,,,
9.5458,550.06,,,
9.55,495.28,,,
9.5542,452.38,,,
9.5583,419.57,,,
9.5625,395.01,,,
9.5667,376.98,,,
9.5708,363.98,,,
9.575,354.75,,,
9.5792,348.3,,,
9.5833,343.85,,,
9.5875,340.81,,,
9.5917,338.77,,,
9.5958,337.41,,,
9.6,336.51,,,
9.6042,335.92,,,
9.6083,335.54,,,
9.6125,335.3,,,
9.6167,335.14,,,
9.6208,335.04,,,
9.625,334.98,,,
9.6292,334.94,,,
9.6333,334.92,,,
9.6375,334.9,,,
9.6417,334.89,,,
9.6458,334.89,,,
9.65,334.89,,,
9.6542,334.88,,,
9.6583,334.88,,,
9.6625,334.88,,,
9.6667,334.88,,,
9.6708,334.88,,,
9.675,335.79,,,
9.6792,339.88,,,
9.6833,350.1,,,
9.6875,368.83,,,
9.6917,396.94,,,
9.6958,433.47,,,
9.7,476.1,,,
9.7042,521.77,,,
9.7083,567.44,,,
9.7125,610.57,,,
9.7167,649.39,,,
9.7208,682.92,,,
9.725,710.86,,,
9.7292,733.42,,,
9.7333,751.15,,,
9.7375,764.75,,,
9.7417,774.94,,,
9.7458,782.44,,,
9.75,788.63,,,
9.7542,795.99,,,
9.7583,807.48,,,
9.7625,825.45,,,
9.7667,850.89,,,
9.7708,883.16,,,
9.775,920.39,,,
9.7792,960.04,,,
9.7833,999.56,,,
9.7875,1036.8,,,
9.7917,1070.3,,,
9.7958,1099.2,,,
9.8,1124.4,,,
9.8042,1149.1,,,
9.8083,1177.6,,,
9.8125,1213.5,,,
9.8167,1258.5,,,
9.8208,1312.1,,,
9.825,1371.7,,,
9.8292,1433.9,,,
9.8333,1495.7,,,
9.8375,1555.2,,,
9.8417,1612,,,
9.8458,1666.3,,,
9.85,1718.4,,,
9.8542,1768,,,
9.8583,1814.7,,,
9.8625,1858.3,,,
9.8667,1899.8,,,
9.8708,1940.9,,,
9.875,1983.2,,,
9.8792,2027.4,,,
9.8833,2073.3,,,
9.8875,2120.5,,,
9.8917,2169.8,,,
9.8958,2222.7,,,
9.9,2280.2,,,
9.9042,2342.4,,,
9.9083,2408.2,,,
9.9125,2475.1,,,
9.9167,2540.5,,,
9.9208,2601.8,,,
9.925,2657.1,,,
9.9292,2706.6,,,
9.9333,2753.3,,,
9.9375,2802.2,,,
9.9417,2857.5,,,
9.9458,2923.7,,,
9.95,3006.3,,,
9.9542,3110.1,,,
9.9583,3235.2,,,
9.9625,3373.9,,,
9.9667,3512.8,,,
9.9708,3637.5,,,
9.975,3733.7,,,
9.9792,3788.4,,,
9.9833,3791.6,,,
9.9875,3739.9,,,
9.9917,3636.8,,,
9.9958,3492.4,,,
10,3320.9,,,
10.0042,3142.5,,,
10.0083,2984.1,,,
10.0125,2873.6,,,
10.0167,2836.5,,,
10.0208,2893,,,
10.025,3048.8,,,
10.0292,3289.4,,,
10.0333,3583.6,,,
10.0375,3893.4,,,
10.0417,4184.4,,,
10.0458,4432.4,,,
10.05,4623.3,,,
10.0542,4750.1,,,
10.0583,4811.6,,,
10.0625,4811.4,,,
10.0667,4758.2,,,
10.0708,4664.4,,,
10.075,4543.9,,,
10.0792,4410.3,,,
10.0833,4275.4,,,
10.0875,4147.9,,,
10.0917,4033.7,,,
10.0958,3935.6,,,
10.1,3861.4,,,
10.1042,3827.8,,,
10.1083,3851.3,,,
10.1125,3936.4,,,
10.1167,4072.2,,,
10.1208,4237.1,,,
10.125,4406.7,,,
10.1292,4560.9,,,
10.1333,4691.6,,,
10.1375,4805.7,,,
10.1417,4919.7,,,
10.1458,5050.9,,,
10.15,5200.9,,,
10.1542,5347.9,,,
10.1583,5454.8,,,
10.1625,5485.4,,,
10.1667,5418.1,,,
10.1708,5251.4,,,
10.175,5003.3,,,
10.1792,4706.6,,,
10.1833,4398.6,,,
10.1875,4112.8,,,
10.1917,3870.7,,,
10.1958,3679.8,,,
10.2,3536.1,,,
10.2042,3429.2,,,
10.2083,3347.4,,,
10.2125,3284.8,,,
10.2167,3244,,,
10.2208,3233.9,,,
10.225,3267.8,,,
10.2292,3360.9,,,
10.2333,3525.2,,,
10.2375,3763.7,,,
10.2417,4063.8,,,
10.2458,4396.1,,,
10.25,4722.5,,,
10.2542,5003.3,,,
10.2583,5204.3,,,
10.2625,5303.2,,,
10.2667,5293.3,,,
10.2708,5183.4,,,
10.275,5002.6,,,
10.2792,4798.4,,,
10.2833,4620.7,,,
10.2875,4503.6,,,
10.2917,4457.5,,,
10.2958,4472.8,,,
10.3,4529.1,,,
10.3042,4604.2,,,
10.3083,4674.6,,,
10.3125,4715.5,,,
10.3167,4704.1,,,
10.3208,4625.9,,,
10.325,4478.1,,,
10.3292,4269.6,,,
10.3333,4017.9,,,
10.3375,3753.9,,,
10.3417,3523,,,
10.3458,3374.3,,,
10.35,3345.7,,,
10.3542,3452.8,,,
10.3583,3687.1,,,
10.3625,4016.8,,,
10.3667,4393.2,,,
10.3708,4763.1,,,
10.375,5076.2,,,
10.3792,5291,,,
10.3833,5380.2,,,
10.3875,5335.5,,,
10.3917,5167.3,,,
10.3958,4901,,,
10.4,4569.8,,,
10.4042,4217.8,,,
10.4083,3900.1,,,
10.4125,3665.1,,,
10.4167,3536.4,,,
10.4208,3507.6,,,
10.425,3551.7,,,
10.4292,3635.7,,,
10.4333,3734.4,,,
10.4375,3833.9,,,
10.4417,3934.5,,,
10.4458,4048.4,,,
10.45,4184,,,
10.4542,4333,,,
10.4583,4471.4,,,
10.4625,4570.1,,,
10.4667,4606.8,,,
10.4708,4581,,,
10.475,4518.9,,,
10.4792,4455.5,,,
10.4833,4415,,,
10.4875,4401.8,,,
10.4917,4404.9,,,
10.4958,4409.6,,,
10.5,4407.7,,,
10.5042,4399.1,,,
10.5083,4384.5,,,
10.5125,4357.6,,,
10.5167,4306,,,
10.5208,4217.2,,,
10.525,4084.7,,,
10.5292,3910.5,,,
10.5333,3704.3,,,
10.5375,3490.2,,,
10.5417,3308.5,,,
10.5458,3204.8,,,
10.55,3215.1,,,
10.5542,3349.7,,,
10.5583,3588.7,,,
10.5625,3890.4,,,
10.5667,4200.9,,,
10.5708,4465.6,,,
10.575,4640.1,,,
10.5792,4699.3,,,
10.5833,4640,,,
10.5875,4477.3,,,
10.5917,4238.6,,,
10.5958,3965.1,,,
10.6,3711.5,,,
10.6042,3534.1,,,
10.6083,3475.7,,,
10.6125,3550.5,,,
10.6167,3739.7,,,
10.6208,4001.5,,,
10.625,4282.8,,,
10.6292,4531.4,,,
10.6333,4706.9,,,
10.6375,4786.9,,,
10.6417,4768.5,,,
10.6458,4672.8,,,
10.65,4543.2,,,
10.6542,4432.5,,,
10.6583,4386.6,,,
10.6625,4427.7,,,
10.6667,4548.2,,,
10.6708,4718.8,,,
10.675,4897.9,,,
10.6792,5043.2,,,
10.6833,5121,,,
10.6875,5113.8,,,
10.6917,5020.8,,,
10.6958,4856.5,,,
10.7,4646,,,
10.7042,4417.9,,,
10.7083,4197.8,,,
10.7125,4001.9,,,
10.7167,3834.4,,,
10.7208,3690.1,,,
10.725,3559.8,,,
10.7292,3435.4,,,
10.7333,3312,,,
10.7375,3198.4,,,
10.7417,3120.2,,,
10.7458,3111.2,,,
10.75,3199.5,,,
10.7542,3391.9,,,
10.7583,3668.3,,,
10.7625,3989.4,,,
10.7667,4310.9,,,
10.7708,4595.4,,,
10.775,4819.9,,,
10.7792,4981.2,,,
10.7833,5094.9,,,
10.7875,5187.5,,,
10.7917,5285.3,,,
10.7958,5397.3,,,
10.8,5506.5,,,
10.8042,5579,,,
10.8083,5580.1,,,
10.8125,5488.8,,,
10.8167,5303,,,
10.8208,5047.3,,,
10.825,4771.3,,,
10.8292,4534.6,,,
10.8333,4388,,,
10.8375,4351.4,,,
10.8417,4404.7,,,
10.8458,4499.3,,,
10.85,4580.3,,,
10.8542,4604.7,,,
10.8583,4551,,,
10.8625,4429,,,
10.8667,4277.5,,,
10.8708,4140.9,,,
10.875,4044.3,,,
10.8792,3986.2,,,
10.8833,3946.9,,,
10.8875,3901.7,,,
10.8917,3832.5,,,
10.8958,3740.8,,,
10.9,3652.6,,,
10.9042,3598.3,,,
10.9083,3590.6,,,
10.9125,3619.1,,,
10.9167,3658.2,,,
10.9208,3680.4,,,
10.925,3666.5,,,
10.9292,3614.2,,,
10.9333,3538.9,,,
10.9375,3466.7,,,
10.9417,3423.3,,,
10.9458,3425.8,,,
10.95,3479.4,,,
10.9542,3583,,,
10.9583,3736.3,,,
10.9625,3932.3,,,
10.9667,4151.8,,,
10.9708,4365.2,,,
10.975,4541.7,,,
10.9792,4665.7,,,
10.9833,4745.1,,,
10.9875,4799.1,,,
10.9917,4840.9,,,
10.9958,4871.3,,,
11,4881.8,,,
11.0042,4869.4,,,
11.0083,4846.2,,,
11.0125,4829.4,,,
11.0167,4827.3,,,
11.0208,4833.9,,,
11.025,4834.8,,,
11.0292,4814.7,,,
11.0333,4764.2,,,
11.0375,4681.9,,,
11.0417,4573.4,,,
11.0458,4450.5,,,
11.05,4329.9,,,
11.0542,4228.3,,,
11.0583,4155.3,,,
11.0625,4107.8,,,
11.0667,4073,,,
11.0708,4034.9,,,
11.075,3980.9,,,
11.0792,3906.3,,,
11.0833,3815.7,,,
11.0875,3719.3,,,
11.0917,3629.1,,,
11.0958,3554.4,,,
11.1,3500.4,,,
11.1042,3467.8,,,
11.1083,3454.2,,,
11.1125,3453.9,,,
11.1167,3458.7,,,
11.1208,3459.6,,,
11.125,3449.6,,,
11.1292,3424.8,,,
11.1333,3389.1,,,
11.1375,3354.6,,,
11.1417,3338.1,,,
11.1458,3358.9,,,
11.15,3436.6,,,
11.1542,3577,,,
11.1583,3763.8,,,
11.1625,3962.1,,,
11.1667,4132.2,,,
11.1708,4243.1,,,
11.175,4278,,,
11.1792,4233.8,,,
11.1833,4118.2,,,
11.1875,3946.3,,,
11.1917,3736.3,,,
11.1958,3507.4,,,
11.2,3276.3,,,
11.2042,3056,,,
11.2083,2854.6,,,
11.2125,2675.5,,,
11.2167,2519.5,,,
11.2208,2385.2,,,
11.225,2270.8,,,
11.2292,2174.3,,,
11.2333,2093.8,,,
11.2375,2025,,,
11.2417,1959.7,,,
11.2458,1888.2,,,
11.25,1802,,,
11.2542,1697.2,,,
11.2583,1575.1,,,
11.2625,1440.9,,,
11.2667,1302,,,
11.2708,1166.2,,,
11.275,1039.7,,,
11.2792,927.01,,,
11.2833,830.32,,,
11.2875,750.14,,,
11.2917,685.62,,,
11.2958,635.07,,,
11.3,596.41,,,
11.3042,567.46,,,
11.3083,546.21,,,
11.3125,530.87,,,
11.3167,519.99,,,
11.3208,512.38,,,
11.325,507.13,,,
11.3292,503.55,,,
11.3333,501.14,,,
11.3375,499.53,,,
11.3417,498.47,,,
11.3458,497.78,,,
11.35,497.33,,,
11.3542,497.04,,,
11.3583,497.9,,,
11.3625,502.46,,,
11.3667,514.08,,,
11.3708,535.46,,,
11.375,567.58,,,
11.3792,609.36,,,
11.3833,658.11,,,
11.3875,710.34,,,
11.3917,762.58,,,
11.3958,811.92,,,
11.4,856.32,,,
11.4042,894.67,,,
11.4083,926.63,,,
11.4125,952.44,,,
11.4167,973.27,,,
11.4208,991.29,,,
11.425,1009.1,,,
11.4292,1029,,,
11.4333,1052.1,,,
11.4375,1078.6,,,
11.4417,1107.3,,,
11.4458,1137,,,
11.45,1166,,,
11.4542,1193,,,
11.4583,1217.1,,,
11.4625,1242.2,,,
11.4667,1279.5,,,
11.4708,1343.6,,,
11.475,1446.7,,,
11.4792,1592,,,
11.4833,1771.8,,,
11.4875,1970.5,,,
11.4917,2169.7,,,
11.4958,2353.5,,,
11.5,2508.9,,,
11.5042,2625.7,,,
11.5083,2697.2,,,
11.5125,2721.1,,,
11.5167,2700.6,,,
11.5208,2643.2,,,
11.525,2559.4,,,
11.5292,2460.4,,,
11.5333,2357,,,
11.5375,2258.3,,,
11.5417,2171.8,,,
11.5458,2101.8,,,
11.55,2050,,,
11.5542,2015.7,,,
11.5583,1996.3,,,
11.5625,1989.3,,,
11.5667,1992.9,,,
11.5708,2006.1,,,
11.575,2028.2,,,
11.5792,2058.2,,,
11.5833,2094.1,,,
11.5875,2133.5,,,
11.5917,2173.9,,,
11.5958,2213,,,
11.6,2249,,,
11.6042,2280.9,,,
11.6083,2308,,,
11.6125,2332.7,,,
11.6167,2361.1,,,
11.6208,2401.4,,,
11.625,2460.4,,,
11.6292,2539.4,,,
11.6333,2633.2,,,
11.6375,2731.5,,,
11.6417,2823.3,,,
11.6458,2899.7,,,
11.65,2957.2,,,
11.6542,2998.7,,,
11.6583,3030.9,,,
11.6625,3061.8,,,
11.6667,3097,,,
11.6708,3139.4,,,
11.675,3188.7,,,
11.6792,3242.5,,,
11.6833,3300,,,
11.6875,3363.9,,,
11.6917,3439.2,,,
11.6958,3528.3,,,
11.7,3626.7,,,
11.7042,3724.4,,,
11.7083,3809.8,,,
11.7125,3875.8,,,
11.7167,3923.8,,,
11.7208,3961.7,,,
11.725,3999.9,,,
11.7292,4046.4,,,
11.7333,4105.2,,,
11.7375,4175.8,,,
11.7417,4254.7,,,
11.7458,4336.7,,,
11.75,4416.9,,,
11.7542,4491.2,,,
11.7583,4556.9,,,
11.7625,4612.8,,,
11.7667,4658.8,,,
11.7708,4695.5,,,
11.775,4724,,,
11.7792,4745.6,,,
11.7833,4761.6,,,
11.7875,4778,,,
11.7917,4807.4,,,
11.7958,4861.4,,,
11.8,4941,,,
11.8042,5036.1,,,
11.8083,5129.9,,,
11.8125,5206.1,,,
11.8167,5254.1,,,
11.8208,5275,,,
11.825,5283.4,,,
11.8292,5296.3,,,
11.8333,5322.5,,,
11.8375,5358.7,,,
11.8417,5394,,,
11.8458,5416.3,,,
11.85,5417.2,,,
11.8542,5398.7,,,
11.8583,5375.3,,,
11.8625,5363.3,,,
11.8667,5370.5,,,
11.8708,5392.6,,,
11.875,5422.3,,,
11.8792,5458.3,,,
11.8833,5498.3,,,
11.8875,5530.2,,,
11.8917,5533.3,,,
11.8958,5486.1,,,
11.9,5375.5,,,
11.9042,5209.3,,,
11.9083,5019.7,,,
11.9125,4848,,,
11.9167,4725.4,,,
11.9208,4663.4,,,
11.925,4660.4,,,
11.9292,4711,,,
11.9333,4803,,,
11.9375,4911.7,,,
11.9417,5003.9,,,
11.9458,5048.1,,,
11.95,5023.7,,,
11.9542,4934.1,,,
11.9583,4809.5,,,
11.9625,4695.4,,,
11.9667,4635.8,,,
11.9708,4654.1,,,
11.975,4746.1,,,
11.9792,4885.7,,,
11.9833,5042.7,,,
11.9875,5197.7,,,
11.9917,5336,,,
11.9958,5437.2,,,
12,5475.8,,,
12.0042,5429.5,,,
12.0083,5288.1,,,
12.0125,5057.1,,,
12.0167,4755.6,,,
12.0208,4420.5,,,
12.025,4105.2,,,
12.0292,3866.9,,,
12.0333,3750.4,,,
12.0375,3776.6,,,
12.0417,3939.9,,,
12.0458,4209.8,,,
12.05,4537.6,,,
12.0542,4869.1,,,
12.0583,5162.9,,,
12.0625,5400.7,,,
12.0667,5586.6,,,
12.0708,5737.2,,,
12.075,5861.5,,,
12.0792,5948.1,,,
12.0833,5971.1,,,
12.0875,5904.1,,,
12.0917,5733.6,,,
12.0958,5464.4,,,
12.1,5117.2,,,
12.1042,4732.1,,,
12.1083,4365.9,,,
12.1125,4079.2,,,
12.1167,3919,,,
12.1208,3907.3,,,
12.125,4039.2,,,
12.1292,4288.4,,,
12.1333,4617.4,,,
12.1375,4986.4,,,
12.1417,5360.8,,,
12.1458,5709.6,,,
12.15,6004.2,,,
12.1542,6221.2,,,
12.1583,6351.2,,,
12.1625,6404.2,,,
12.1667,6405.7,,,
12.1708,6386.3,,,
12.175,6365.6,,,
12.1792,6342.8,,,
12.1833,6301.1,,,
12.1875,6219.6,,,
12.1917,6086.5,,,
12.1958,5906,,,
12.2,5695.4,,,
12.2042,5482.4,,,
12.2083,5300.6,,,
12.2125,5180.1,,,
12.2167,5140.8,,,
12.2208,5187.5,,,
12.225,5311.1,,,
12.2292,5488.2,,,
12.2333,5684.3,,,
12.2375,5862,,,
12.2417,5995.3,,,
12.2458,6078.6,,,
12.25,6124.3,,,
12.2542,6153.7,,,
12.2583,6178.6,,,
12.2625,6191.4,,,
12.2667,6169.1,,,
12.2708,6086.9,,,
12.275,5930.2,,,
12.2792,5707.7,,,
12.2833,5455,,,
12.2875,5222.3,,,
12.2917,5056.5,,,
12.2958,4987.8,,,
12.3,5024.1,,,
12.3042,5149.3,,,
12.3083,5327.7,,,
12.3125,5515.7,,,
12.3167,5678.9,,,
12.3208,5803.2,,,
12.325,5885.5,,,
12.3292,5921,,,
12.3333,5899.5,,,
12.3375,5810.5,,,
12.3417,5650.3,,,
12.3458,5433.6,,,
12.35,5197.1,,,
12.3542,4989.2,,,
12.3583,4853.8,,,
12.3625,4812.8,,,
12.3667,4859.7,,,
12.3708,4965.7,,,
12.375,5089.8,,,
12.3792,5189.4,,,
12.3833,5230.5,,,
12.3875,5194.4,,,
12.3917,5079.1,,,
12.3958,4905.1,,,
12.4,4713.9,,,
12.4042,4555.9,,,
12.4083,4474.5,,,
12.4125,4489.3,,,
12.4167,4591,,,
12.4208,4748.1,,,
12.425,4926.2,,,
12.4292,5102.8,,,
12.4333,5266.5,,,
12.4375,5409.2,,,
12.4417,5522.4,,,
12.4458,5602.7,,,
12.45,5657,,,
12.4542,5700.9,,,
12.4583,5752.4,,,
12.4625,5820.4,,,
12.4667,5899.1,,,
12.4708,5971.1,,,
12.475,6012.8,,,
12.4792,6000.5,,,
12.4833,5917,,,
12.4875,5756.7,,,
12.4917,5526.7,,,
12.4958,5252.4,,,
12.5,4977.3,,,
12.5042,4747,,,
12.5083,4591.5,,,
12.5125,4517.9,,,
12.5167,4518.5,,,
12.5208,4582.5,,,
12.525,4696.4,,,
12.5292,4841.5,,,
12.5333,4994.5,,,
12.5375,5137.2,,,
12.5417,5263.6,,,
12.5458,5375.6,,,
12.55,5473.1,,,
12.5542,5551.4,,,
12.5583,5599.1,,,
12.5625,5600.6,,,
12.5667,5542,,,
12.5708,5416.9,,,
12.575,5229.1,,,
12.5792,4995.5,,,
12.5833,4744,,,
12.5875,4507.1,,,
12.5917,4317.2,,,
12.5958,4203.2,,,
12.6,4180.3,,,
12.6042,4243.5,,,
12.6083,4369.7,,,
12.6125,4526.6,,,
12.6167,4683.8,,,
12.6208,4818.3,,,
12.625,4923,,,
12.6292,5006.9,,,
12.6333,5084.4,,,
12.6375,5163.6,,,
12.6417,5241.9,,,
12.6458,5309.8,,,
12.65,5356.5,,,
12.6542,5375.3,,,
12.6583,5365.1,,,
12.6625,5329.8,,,
12.6667,5276.2,,,
12.6708,5216.9,,,
12.675,5170.8,,,
12.6792,5154.1,,,
12.6833,5171,,,
12.6875,5212.7,,,
12.6917,5262.6,,,
12.6958,5304,,,
12.7,5325,,,
12.7042,5318.6,,,
12.7083,5280.3,,,
12.7125,5207.9,,,
12.7167,5102.3,,,
12.7208,4970.7,,,
12.725,4826.7,,,
12.7292,4687.8,,,
12.7333,4570.3,,,
12.7375,4485,,,
12.7417,4435.8,,,
12.7458,4420.4,,,
12.75,4432.6,,,
12.7542,4464.1,,,
12.7583,4504.4,,,
12.7625,4540.8,,,
12.7667,4560.7,,,
12.7708,4554.5,,,
12.775,4518.3,,,
12.7792,4454.2,,,
12.7833,4368.2,,,
12.7875,4269,,,
12.7917,4165.2,,,
12.7958,4064.3,,,
12.8,3971.7,,,
12.8042,3890.5,,,
12.8083,3822.2,,,
12.8125,3766.6,,,
12.8167,3722.6,,,
12.8208,3688.7,,,
12.825,3663.2,,,
12.8292,3644.4,,,
12.8333,3630.7,,,
12.8375,3621,,,
12.8417,3612.8,,,
12.8458,3601.8,,,
12.85,3582.8,,,
12.8542,3551.6,,,
12.8583,3506.6,,,
12.8625,3449.1,,,
12.8667,3382.5,,,
12.8708,3311.4,,,
12.875,3240.4,,,
12.8792,3173.5,,,
12.8833,3112.4,,,
12.8875,3056.2,,,
12.8917,3002.4,,,
12.8958,2948.1,,,
12.9,2891.6,,,
12.9042,2832.8,,,
12.9083,2771.9,,,
12.9125,2707.9,,,
12.9167,2639.2,,,
12.9208,2564.5,,,
12.925,2484.1,,,
12.9292,2399.4,,,
12.9333,2313.7,,,
12.9375,2230.1,,,
12.9417,2149.8,,,
12.9458,2069.2,,,
12.95,1982.4,,,
12.9542,1883.9,,,
12.9583,1771.2,,,
12.9625,1645.8,,,
12.9667,1512.5,,,
12.9708,1377.7,,,
12.975,1248,,,
12.9792,1128.5,,,
12.9833,1023,,,
12.9875,933.01,,,
12.9917,858.77,,,
12.9958,799.25,,,
13,752.76,,,
13.0042,717.28,,,
13.0083,690.77,,,
13.0125,671.34,,,
13.0167,657.34,,,
13.0208,647.42,,,
13.025,640.48,,,
13.0292,635.7,,,
13.0333,632.45,,,
13.0375,643.1,,,
13.0417,699.41,,,
13.0458,831,,,
13.05,1041.6,,,
13.0542,1304.6,,,
13.0583,1575.3,,,
13.0625,1809.5,,,
13.0667,1976.3,,,
13.0708,2063.4,,,
13.075,2074.8,,,
13.0792,2025.2,,,
13.0833,1934.1,,,
13.0875,1820.5,,,
13.0917,1700.3,,,
13.0958,1584.9,,,
13.1,1482.1,,,
13.1042,1396.9,,,
13.1083,1332.1,,,
13.1125,1288.5,,,
13.1167,1264.7,,,
13.1208,1258,,,
13.125,1264.3,,,
13.1292,1279.6,,,
13.1333,1300,,,
13.1375,1322.2,,,
13.1417,1345.3,,,
13.1458,1370.7,,,
13.15,1401.5,,,
13.1542,1440.7,,,
13.1583,1489.5,,,
13.1625,1547,,,
13.1667,1610.3,,,
13.1708,1686,,,
13.175,1795.4,,,
13.1792,1957.8,,,
13.1833,2170.8,,,
13.1875,2408.7,,,
13.1917,2633.1,,,
13.1958,2808.6,,,
13.2,2913.4,,,
13.2042,2941.8,,,
13.2083,2902.2,,,
13.2125,2812.4,,,
13.2167,2694.9,,,
13.2208,2571.4,,,
13.225,2459.5,,,
13.2292,2369.9,,,
13.2333,2307,,,
13.2375,2268.9,,,
13.2417,2248.3,,,
13.2458,2236.1,,,
13.25,2223.4,,,
13.2542,2204.3,,,
13.2583,2176.5,,,
13.2625,2140.4,,,
13.2667,2098.5,,,
13.2708,2055.2,,,
13.275,2016.6,,,
13.2792,1989,,,
13.2833,1977,,,
13.2875,1982.5,,,
13.2917,2004.4,,,
13.2958,2041.6,,,
13.3,2095.4,,,
13.3042,2168.9,,,
13.3083,2264.1,,,
13.3125,2378,,,
13.3167,2500.4,,,
13.3208,2616.8,,,
13.325,2713.2,,,
13.3292,2779.9,,,
13.3333,2813.4,,,
13.3375,2817,,,
13.3417,2799.1,,,
13.3458,2770.6,,,
13.35,2741.6,,,
13.3542,2719.6,,,
13.3583,2711.9,,,
13.3625,2728.6,,,
13.3667,2780.1,,,
13.3708,2871.2,,,
13.375,2996.5,,,
13.3792,3141.9,,,
13.3833,3289.8,,,
13.3875,3426.4,,,
13.3917,3546.9,,,
13.3958,3654.2,,,
13.4,3752.9,,,
13.4042,3843.3,,,
13.4083,3921.2,,,
13.4125,3980.2,,,
13.4167,4015.4,,,
13.4208,4025.2,,,
13.425,4012,,,
13.4292,3980.6,,,
13.4333,3939.6,,,
13.4375,3901.1,,,
13.4417,3877.6,,,
13.4458,3883.8,,,
13.45,3935.8,,,
13.4542,4042.9,,,
13.4583,4199.7,,,
13.4625,4387,,,
13.4667,4579.1,,,
13.4708,4752.2,,,
13.475,4889.7,,,
13.4792,4980.2,,,
13.4833,5013.2,,,
13.4875,4979.8,,,
13.4917,4876.9,,,
13.4958,4709.2,,,
13.5,4489.3,,,
13.5042,4240,,,
13.5083,3992.6,,,
13.5125,3780.4,,,
13.5167,3629.8,,,
13.5208,3554.5,,,
13.525,3554.4,,,
13.5292,3623,,,
13.5333,3754.5,,,
13.5375,3945,,,
13.5417,4189.5,,,
13.5458,4469.7,,,
13.55,4748.1,,,
13.5542,4977.3,,,
13.5583,5115.2,,,
13.5625,5137.7,,,
13.5667,5043.3,,,
13.5708,4851.9,,,
13.575,4598.2,,,
13.5792,4322.3,,,
13.5833,4059.7,,,
13.5875,3833.4,,,
13.5917,3650,,,
13.5958,3503.9,,,
13.6,3383.2,,,
13.6042,3276.2,,,
13.6083,3174.6,,,
13.6125,3084,,,
13.6167,3027.9,,,
13.6208,3038.8,,,
13.625,3144.1,,,
13.6292,3355.1,,,
13.6333,3663.6,,,
13.6375,4035.4,,,
13.6417,4412.4,,,
13.6458,4728,,,
13.65,4926.9,,,
13.6542,4979.6,,,
13.6583,4885.3,,,
13.6625,4667.1,,,
13.6667,4361.4,,,
13.6708,4018.8,,,
13.675,3701.7,,,
13.6792,3472.1,,,
13.6833,3375.9,,,
13.6875,3432.4,,,
13.6917,3633.5,,,
13.6958,3945.1,,,
13.7,4315.2,,,
13.7042,4687.2,,,
13.7083,5007.6,,,
13.7125,5232.1,,,
13.7167,5331.7,,,
13.7208,5296.8,,,
13.725,5137.4,,,
13.7292,4878.5,,,
13.7333,4553.1,,,
13.7375,4205.7,,,
13.7417,3891.5,,,
13.7458,3666.2,,,
13.75,3570.9,,,
13.7542,3622.6,,,
13.7583,3812.5,,,
13.7625,4112.4,,,
13.7667,4483.8,,,
13.7708,4882.4,,,
13.775,5262.6,,,
13.7792,5583.7,,,
13.7833,5822.7,,,
13.7875,5979.7,,,
13.7917,6064.5,,,
13.7958,6081.6,,,
13.8,6026.7,,,
13.8042,5892.8,,,
13.8083,5679,,,
13.8125,5394.5,,,
13.8167,5062.7,,,
13.8208,4719.6,,,
13.825,4404.7,,,
13.8292,4156,,,
13.8333,4004.7,,,
13.8375,3969.9,,,
13.8417,4055,,,
13.8458,4247.7,,,
13.85,4523.4,,,
13.8542,4851.5,,,
13.8583,5201.3,,,
13.8625,5546.3,,,
13.8667,5867,,,
13.8708,6146.2,,,
13.875,6366.5,,,
13.8792,6512.1,,,
13.8833,6568.1,,,
13.8875,6521.8,,,
13.8917,6366.1,,,
13.8958,6104.9,,,
13.9,5753.9,,,
13.9042,5339,,,
13.9083,4890.5,,,
13.9125,4448.7,,,
13.9167,4063.7,,,
13.9208,3786.4,,,
13.925,3653.8,,,
13.9292,3679,,,
13.9333,3850.5,,,
13.9375,4137.7,,,
13.9417,4500.5,,,
13.9458,4893.3,,,
13.95,5269.6,,,
13.9542,5588.3,,,
13.9583,5815.6,,,
13.9625,5926.3,,,
13.9667,5906.8,,,
13.9708,5758.5,,,
13.975,5498,,,
13.9792,5153.3,,,
13.9833,4758.1,,,
13.9875,4355.6,,,
13.9917,3999.3,,,
13.9958,3735.3,,,
14,3585.3,,,
14.0042,3541.3,,,
14.0083,3574.6,,,
14.0125,3651.1,,,
14.0167,3744.7,,,
14.0208,3840.6,,,
14.025,3931.8,,,
14.0292,4012.5,,,
14.0333,4076.5,,,
14.0375,4117.8,,,
14.0417,4135.5,,,
14.0458,4135.7,,,
14.05,4129.7,,,
14.0542,4127.3,,,
14.0583,4131.4,,,
14.0625,4138.4,,,
14.0667,4140.8,,,
14.0708,4134.4,,,
14.075,4121.6,,,
14.0792,4110.1,,,
14.0833,4105.3,,,
14.0875,4104.8,,,
14.0917,4098.8,,,
14.0958,4075.3,,,
14.1,4026,,,
14.1042,3957,,,
14.1083,3893.1,,,
14.1125,3869.6,,,
14.1167,3917.9,,,
14.1208,4050.2,,,
14.125,4252.9,,,
14.1292,4493.5,,,
14.1333,4729.8,,,
14.1375,4920.2,,,
14.1417,5032.7,,,
14.1458,5051.4,,,
14.15,4977.3,,,
14.1542,4833.6,,,
14.1583,4664.4,,,
14.1625,4522,,,
14.1667,4451.6,,,
14.1708,4474,,,
14.175,4580.8,,,
14.1792,4741.4,,,
14.1833,4921.8,,,
14.1875,5100,,,
14.1917,5264.7,,,
14.1958,5408,,,
14.2,5521.7,,,
14.2042,5592.9,,,
14.2083,5605.2,,,
14.2125,5543.7,,,
14.2167,5401.9,,,
14.2208,5184.6,,,
14.225,4907.3,,,
14.2292,4592.2,,,
14.2333,4263,,,
14.2375,3941.3,,,
14.2417,3643.4,,,
14.2458,3379.8,,,
14.25,3155.5,,,
14.2542,2970.3,,,
14.2583,2819.8,,,
14.2625,2697.6,,,
14.2667,2596.6,,,
14.2708,2511,,,
14.275,2436.6,,,
14.2792,2371.2,,,
14.2833,2318.8,,,
14.2875,2292.5,,,
14.2917,2309.5,,,
14.2958,2388.2,,,
14.3,2545.1,,,
14.3042,2789.2,,,
14.3083,3118.3,,,
14.3125,3513.4,,,
14.3167,3939.2,,,
14.3208,4352.6,,,
14.325,4706.2,,,
14.3292,4952.3,,,
14.3333,5053.2,,,
14.3375,4990.5,,,
14.3417,4769.9,,,
14.3458,4418.3,,,
14.35,3975.7,,,
14.3542,3486.5,,,
14.3583,2991.1,,,
14.3625,2521.4,,,
14.3667,2098.9,,,
14.3708,1734.8,,,
14.375,1432.5,,,
14.3792,1189.2,,,
14.3833,998.75,,,
14.3875,853.31,,,
14.3917,744.62,,,
14.3958,664.97,,,
14.4,607.64,,,
14.4042,567.02,,,
14.4083,538.67,,,
14.4125,519.14,,,
14.4167,505.86,,,
14.4208,496.93,,,
14.425,490.99,,,
14.4292,487.07,,,
14.4333,484.52,,,
14.4375,482.87,,,
14.4417,481.81,,,
14.4458,481.13,,,
14.45,481.93,,,
14.4542,487.18,,,
14.4583,500.8,,,
14.4625,525.98,,,
14.4667,563.85,,,
14.4708,613.12,,,
14.475,670.62,,,
14.4792,732.24,,,
14.4833,793.86,,,
14.4875,852.07,,,
14.4917,904.45,,,
14.4958,949.7,,,
14.5,987.4,,,
14.5042,1017.4,,,
14.5083,1039.5,,,
14.5125,1053.3,,,
14.5167,1058.7,,,
14.5208,1056.3,,,
14.525,1047.3,,,
14.5292,1033.4,,,
14.5333,1016.7,,,
14.5375,998.79,,,
14.5417,981.24,,,
14.5458,965.06,,,
14.55,950.85,,,
14.5542,938.89,,,
14.5583,929.14,,,
14.5625,921.44,,,
14.5667,915.51,,,
14.5708,909.28,,,
14.575,898.08,,,
14.5792,875.92,,,
14.5833,837.97,,,
14.5875,782.4,,,
14.5917,710.88,,,
14.5958,627.84,,,
14.6,539.09,,,
14.6042,450.47,,,
14.6083,366.84,,,
14.6125,291.62,,,
14.6167,226.67,,,
14.6208,172.57,,,
14.625,128.87,,,
14.6292,94.548,,,
14.6333,68.234,,,
14.6375,48.5,,,
14.6417,33.991,,,
14.6458,23.512,,,
14.65,16.067,,,
14.6542,10.855,,,
14.6583,7.2533,,,
14.6625,4.7885,,,
14.6667,3.0996,,,
14.6708,1.9025,,,